name,cost,quantity,expireAt,createdBy,quantitySold,storeId
Pastry - Plain Baked Croissant,$4.82,13,1/3/2024,ymotten0@mlb.com,32,store-1234
Soup - Campbells Broccoli,$0.85,12,4/24/2023,wmcclements1@hhs.gov,37,store-1234
"Crush - Grape, 355 Ml",$1.46,100,1/6/2024,mmateiko2@sakura.ne.jp,25,store-1234
Bagel - Ched Chs Presliced,$5.73,8,12/9/2023,wgorce3@usgs.gov,22,store-1234
Mcguinness - Blue Curacao,$2.45,79,11/9/2023,dbeinke4@newyorker.com,42,store-1234
"Marjoram - Dried, Rubbed",$7.58,73,10/29/2023,anorthill5@cmu.edu,80,store-1234
Plastic Wrap,$2.32,63,12/16/2023,dkinnach6@army.mil,79,store-1234
Yukon Jack,$8.81,7,12/23/2023,kfrearson7@techcrunch.com,87,store-1234
Truffle Cups - White Paper,$5.12,31,3/31/2024,atawton8@answers.com,68,store-1234
"Stock - Beef, Brown",$5.51,57,7/16/2023,tjanaud9@narod.ru,78,store-1234
Propel Sport Drink,$1.42,77,9/3/2023,gbestimana@cam.ac.uk,35,store-1234
"Pasta - Bauletti, Chicken White",$7.61,42,9/13/2023,dhawkeridgeb@vkontakte.ru,71,store-1234
Bread Crumbs - Panko,$5.30,49,10/31/2023,ebavinc@gov.uk,80,store-1234
Bread - Bistro White,$9.83,9,9/3/2023,bweared@opensource.org,18,store-1234
Bagel - Everything,$5.74,38,12/14/2023,ealdcorne@live.com,44,store-1234
Water Chestnut - Canned,$1.43,99,10/16/2023,mminigof@delicious.com,12,store-1234
Cardamon Seed / Pod,$9.00,21,3/2/2024,sclipsong@businesswire.com,95,store-1234
Bread - Kimel Stick Poly,$6.39,49,5/29/2023,nmcgoldrickh@fotki.com,37,store-1234
Puree - Mocha,$7.09,89,3/20/2024,tgiacomii@sciencedirect.com,56,store-1234
Appetizer - Crab And Brie,$7.95,12,5/5/2023,jlympeniej@typepad.com,81,store-1234
Anisette - Mcguiness,$0.13,65,6/20/2023,rrametk@yahoo.com,96,store-1234
Creme De Menth - White,$6.47,83,9/6/2023,pcaldowl@discovery.com,24,store-1234
Icecream - Dstk Cml And Fdg,$3.90,90,10/23/2023,jdodsm@cbsnews.com,33,store-1234
Grapefruit - Pink,$4.35,27,5/14/2023,jjenningsn@spiegel.de,98,store-1234
French Pastry - Mini Chocolate,$4.19,15,11/3/2023,cellenso@so-net.ne.jp,24,store-1234
Ecolab - Power Fusion,$4.31,42,12/10/2023,lpoveyp@istockphoto.com,73,store-1234
Sauce - Hoisin,$3.53,42,3/31/2024,fburbudgeq@weather.com,25,store-1234
Cocoa Feuilletine,$8.01,42,10/31/2023,pgeaner@prweb.com,94,store-1234
Cheese - Augre Des Champs,$6.59,59,3/31/2024,abohlenss@addtoany.com,70,store-1234
Scampi Tail,$1.90,25,9/10/2023,jcrichleyt@bigcartel.com,27,store-1234
Hagen Daza - Dk Choocolate,$3.33,60,4/14/2023,bmynottu@nps.gov,88,store-1234
"Cheese - Cheddar, Medium",$2.47,65,3/21/2024,csinnettv@yellowpages.com,23,store-1234
"Lemonade - Island Tea, 591 Ml",$4.95,12,7/28/2023,slepagew@apple.com,64,store-1234
Pastry - Baked Cinnamon Stick,$6.78,81,11/9/2023,gmaidesx@java.com,9,store-1234
V8 Pet,$4.61,69,3/23/2024,ajedrysiky@slashdot.org,45,store-1234
"Nut - Walnut, Chopped",$2.90,30,6/2/2023,fandererz@irs.gov,83,store-1234
Carbonated Water - Raspberry,$4.37,7,12/22/2023,jdoldon10@4shared.com,41,store-1234
Roe - White Fish,$6.57,66,3/12/2024,mdocwra11@epa.gov,61,store-1234
Tea - Decaf Lipton,$4.59,79,12/26/2023,zduddin12@loc.gov,82,store-1234
Instant Coffee,$5.20,68,3/10/2024,bfitzroy13@blog.com,66,store-1234
Jameson - Irish Whiskey,$3.14,4,4/16/2023,mgillis14@nydailynews.com,41,store-1234
Lemon Tarts,$6.83,54,6/4/2023,askentelbery15@g.co,68,store-1234
"Chicken - Thigh, Bone In",$3.38,11,2/19/2024,rcurling16@twitter.com,35,store-1234
Wine - Muscadet Sur Lie,$1.37,1,12/26/2023,nluxon17@photobucket.com,41,store-1234
Coffee - French Vanilla Frothy,$9.38,8,6/5/2023,ybotley18@technorati.com,69,store-1234
Beer - Steamwhistle,$8.23,89,10/27/2023,beverix19@seattletimes.com,42,store-1234
Steel Wool S.o.s,$9.03,4,1/15/2024,kpirot1a@go.com,25,store-1234
Lotus Root,$7.94,22,11/10/2023,rmunsey1b@cpanel.net,6,store-1234
Cheese - Roquefort Pappillon,$3.37,69,7/23/2023,pdockree1c@amazon.co.jp,95,store-1234
Tomatoes - Heirloom,$3.68,44,5/26/2023,kambrozik1d@shutterfly.com,11,store-1234
"Extract - Vanilla,artificial",$2.97,20,9/8/2023,ehansmann1e@wp.com,23,store-1234
Wine - Fontanafredda Barolo,$2.12,91,7/15/2023,cstorch1f@aol.com,2,store-1234
Apple - Granny Smith,$6.02,11,8/21/2023,dbroadley1g@google.co.uk,41,store-1234
"Wine - White, Pinot Grigio",$9.60,51,8/25/2023,lkime1h@wsj.com,18,store-1234
Pike - Frozen Fillet,$5.77,88,11/2/2023,smathevon1i@booking.com,55,store-1234
"Nut - Cashews, Whole, Raw",$3.90,69,4/20/2023,scarwithan1j@utexas.edu,75,store-1234
Trueblue - Blueberry,$7.82,93,6/17/2023,npateman1k@amazonaws.com,41,store-1234
Veal - Sweetbread,$5.47,30,7/4/2023,craffels1l@multiply.com,98,store-1234
"Pail - 15l White, With Handle",$2.13,81,8/21/2023,vstonestreet1m@a8.net,93,store-1234
Instant Coffee,$3.09,62,4/25/2023,ajervis1n@4shared.com,15,store-1234
Bagel - Ched Chs Presliced,$3.41,37,2/25/2024,rvakhrushin1o@youku.com,13,store-1234
Wine - Magnotta - Cab Franc,$0.17,19,10/12/2023,dnewberry1p@walmart.com,84,store-1234
Wine - Rioja Campo Viejo,$6.01,83,9/9/2023,ttern1q@phoca.cz,46,store-1234
Table Cloth 81x81 White,$2.31,67,1/18/2024,mdeniske1r@tumblr.com,57,store-1234
Lid Coffeecup 12oz D9542b,$7.82,12,6/4/2023,cstudart1s@google.ru,72,store-1234
Gelatine Leaves - Bulk,$6.13,68,6/14/2023,kpenniall1t@1688.com,20,store-1234
Dooleys Toffee,$1.88,72,1/16/2024,mallport1u@aol.com,60,store-1234
Brandy Apricot,$9.16,81,1/6/2024,gtallon1v@pbs.org,29,store-1234
Dehydrated Kelp Kombo,$3.02,20,5/1/2023,thobell1w@gravatar.com,7,store-1234
Chips Potato Reg 43g,$0.82,31,10/9/2023,gperillo1x@amazon.co.uk,45,store-1234
"Juice - Apple, 1.36l",$8.62,2,12/9/2023,kpilbeam1y@chronoengine.com,71,store-1234
Juice - Orangina,$9.81,53,8/28/2023,cspellman1z@whitehouse.gov,99,store-1234
"Cheese - Mozzarella, Shredded",$3.65,22,10/13/2023,tmcgrah20@angelfire.com,52,store-1234
"Chicken - Wings, Tip Off",$7.99,2,3/29/2024,mmacilriach21@xrea.com,17,store-1234
Flour - Rye,$7.92,44,12/8/2023,planaway22@ovh.net,26,store-1234
Plaintain,$3.16,28,3/31/2024,cmclardie23@boston.com,93,store-1234
Flour - Whole Wheat,$2.66,68,10/4/2023,gmacenzy24@g.co,67,store-1234
Clam Nectar,$0.74,19,5/18/2023,ebeiderbeck25@mayoclinic.com,13,store-1234
Tea - Apple Green Tea,$0.43,45,12/14/2023,ccast26@columbia.edu,20,store-1234
Pea - Snow,$4.77,94,8/18/2023,wsmall27@dailymotion.com,24,store-1234
Nantuket Peach Orange,$4.55,97,9/18/2023,iwinckworth28@amazon.co.uk,13,store-1234
Cheese - Goat,$0.30,1,2/20/2024,rralphs29@e-recht24.de,83,store-1234
Liqueur - Melon,$0.80,56,10/12/2023,eburchess2a@bbc.co.uk,55,store-1234
"Halibut - Whole, Fresh",$8.13,90,11/29/2023,tstrangman2b@qq.com,31,store-1234
Swiss Chard,$7.79,46,5/5/2023,eferns2c@illinois.edu,28,store-1234
Broom And Broom Rack White,$4.34,77,11/30/2023,dmooney2d@delicious.com,85,store-1234
Wine - Alicanca Vinho Verde,$4.69,47,2/8/2024,adunican2e@so-net.ne.jp,8,store-1234
Flour - All Purpose,$6.01,44,4/5/2024,grashleigh2f@independent.co.uk,48,store-1234
Nantucket - Orange Mango Cktl,$8.47,59,2/7/2024,arollason2g@xrea.com,14,store-1234
Chocolate - Chips Compound,$0.65,54,9/10/2023,slayburn2h@dedecms.com,14,store-1234
Chicken - Whole Fryers,$5.08,39,10/7/2023,jconnachan2i@ebay.co.uk,89,store-1234
Appetizer - Mushroom Tart,$2.43,51,12/10/2023,wduran2j@nyu.edu,44,store-1234
Chef Hat 25cm,$3.70,93,12/13/2023,pgolborne2k@youku.com,90,store-1234
Shallots,$1.28,11,4/30/2023,ebraysher2l@army.mil,75,store-1234
Sauce - Rosee,$5.80,23,9/23/2023,kosheils2m@bing.com,8,store-1234
Scallops - U - 10,$6.18,98,12/14/2023,vcuredell2n@cnet.com,76,store-1234
Cheese - St. Paulin,$9.04,54,1/10/2024,dallsup2o@ovh.net,15,store-1234
"Beans - Black Bean, Canned",$2.39,41,9/27/2023,tlibbie2p@dmoz.org,1,store-1234
Mushroom Morel Fresh,$6.66,27,10/10/2023,clippiett2q@usatoday.com,80,store-1234
Monkfish Fresh - Skin Off,$1.55,40,6/11/2023,mashfold2r@oracle.com,89,store-1234
Egg - Salad Premix,$6.20,64,8/11/2023,cpaniman2s@nydailynews.com,66,store-1234
"Beef - Outside, Round",$2.23,55,12/31/2023,sriccio2t@biblegateway.com,83,store-1234
"Stock - Beef, Brown",$0.42,67,10/19/2023,ckeveren2u@ucsd.edu,65,store-1234
Sun - Dried Tomatoes,$3.73,78,7/7/2023,dpavlovsky2v@microsoft.com,26,store-1234
"Nut - Pecan, Halves",$1.66,67,10/22/2023,iwhapple2w@pagesperso-orange.fr,88,store-1234
Soy Protein,$2.47,47,1/2/2024,rpothbury2x@wisc.edu,40,store-1234
Wine - Peller Estates Late,$0.87,14,12/9/2023,hliepina2y@samsung.com,64,store-1234
"Onions - Dried, Chopped",$6.91,50,11/25/2023,odibartolomeo2z@ibm.com,33,store-1234
Veal - Eye Of Round,$5.01,33,1/28/2024,ggarthland30@i2i.jp,32,store-1234
Huck White Towels,$9.36,86,3/1/2024,gbeveredge31@weather.com,58,store-1234
Sobe - Lizard Fuel,$4.12,30,9/10/2023,njillings32@pbs.org,55,store-1234
Chef Hat 20cm,$1.29,72,1/20/2024,dwharf33@microsoft.com,34,store-1234
Munchies Honey Sweet Trail Mix,$2.58,81,12/27/2023,bcrippin34@weebly.com,92,store-1234
"Syrup - Monin, Amaretta",$0.36,7,6/6/2023,mmartensen35@stanford.edu,79,store-1234
"Pepper - Chipotle, Canned",$1.04,97,3/11/2024,moakeby36@istockphoto.com,35,store-1234
Huck Towels White,$0.14,96,10/31/2023,pbeck37@google.fr,50,store-1234
Croissants Thaw And Serve,$4.16,82,5/23/2023,bgoldsby38@goodreads.com,91,store-1234
Cheese - Comtomme,$5.60,94,1/11/2024,krevill39@shop-pro.jp,69,store-1234
Beer - Sleeman Fine Porter,$6.07,97,3/27/2024,tmaunders3a@squidoo.com,58,store-1234
Foam Dinner Plate,$0.60,1,6/30/2023,dphilippault3b@goo.ne.jp,17,store-1234
Lady Fingers,$2.82,24,5/5/2023,apoulgreen3c@ucla.edu,33,store-1234
"Juice - Cranberry, 341 Ml",$6.38,71,7/29/2023,lbissiker3d@twitpic.com,10,store-1234
Pie Shell - 5,$1.33,58,8/27/2023,dsaltman3e@yahoo.co.jp,8,store-1234
"Vodka - Hot, Lnferno",$3.11,26,4/21/2023,cmayworth3f@dropbox.com,5,store-1234
"Trout - Rainbow, Fresh",$9.86,36,7/11/2023,kodriscole3g@hugedomains.com,80,store-1234
Paper Cocktail Umberlla 80 - 180,$8.02,60,8/9/2023,rveivers3h@multiply.com,12,store-1234
Milk - Chocolate 500ml,$8.33,73,10/18/2023,ckauschke3i@cmu.edu,12,store-1234
Sauce - Balsamic Viniagrette,$2.74,75,4/23/2023,nfattore3j@irs.gov,67,store-1234
Chocolate - Mi - Amere Semi,$2.49,92,9/9/2023,bscurman3k@topsy.com,55,store-1234
"Wine - Magnotta - Red, Baco",$0.91,22,11/19/2023,ffaire3l@canalblog.com,45,store-1234
Steel Wool,$6.51,14,5/10/2023,gmouget3m@zimbio.com,8,store-1234
"Juice - Cranberry, 341 Ml",$7.06,60,10/2/2023,cverduin3n@un.org,25,store-1234
Mince Meat - Filling,$5.19,14,12/6/2023,esalvin3o@princeton.edu,77,store-1234
Jolt Cola,$7.18,95,4/19/2023,halvis3p@google.com.hk,42,store-1234
Bread - Italian Sesame Poly,$8.30,88,4/7/2024,ekermott3q@forbes.com,33,store-1234
Cheese - Pont Couvert,$2.87,8,4/21/2023,tpecha3r@purevolume.com,45,store-1234
"Soup - Campbells, Classic Chix",$9.38,25,3/12/2024,ddalliwater3s@geocities.jp,50,store-1234
Wine - Penfolds Koonuga Hill,$9.33,62,12/28/2023,wellse3t@twitter.com,37,store-1234
Sage Derby,$7.63,27,3/14/2024,zstaden3u@usda.gov,31,store-1234
Magnotta Bel Paese Red,$5.04,40,9/13/2023,ibrafield3v@scientificamerican.com,53,store-1234
Appetizer - Asian Shrimp Roll,$7.67,15,5/17/2023,fgosby3w@list-manage.com,67,store-1234
Soup Campbells,$5.66,21,6/8/2023,lburkinshaw3x@mozilla.org,73,store-1234
Lambcasing,$9.32,78,3/7/2024,bgeorgot3y@trellian.com,4,store-1234
Orange - Tangerine,$3.74,10,10/4/2023,rmilier3z@reference.com,18,store-1234
Pomegranates,$2.56,42,6/3/2023,amcginty40@mail.ru,9,store-1234
French Kiss Vanilla,$8.02,53,1/31/2024,palmeida41@unc.edu,64,store-1234
Poppy Seed,$3.78,43,4/9/2024,chatto42@upenn.edu,90,store-1234
Beer - Labatt Blue,$6.13,68,8/25/2023,gdurban43@unc.edu,69,store-1234
"Ecolab - Orange Frc, Cleaner",$2.64,85,9/23/2023,oching44@prweb.com,97,store-1234
Sobe - Green Tea,$6.27,18,12/20/2023,jjamrowicz45@newsvine.com,31,store-1234
Lettuce - Escarole,$1.88,85,1/12/2024,masbury46@hud.gov,53,store-1234
Chocolate - White,$5.89,33,12/22/2023,jtolliday47@purevolume.com,40,store-1234
Carrots - Jumbo,$5.92,72,12/14/2023,adoddrell48@newyorker.com,73,store-1234
Broom And Broom Rack White,$4.07,61,1/5/2024,fgong49@mapquest.com,68,store-1234
Eggplant - Regular,$0.68,75,3/21/2024,bdrioli4a@nih.gov,10,store-1234
Lobster - Live,$7.48,86,12/31/2023,fkenchington4b@t.co,53,store-1234
Cape Capensis - Fillet,$9.50,47,3/28/2024,acalcraft4c@prnewswire.com,72,store-1234
Cup - 4oz Translucent,$0.53,50,5/22/2023,norrell4d@creativecommons.org,9,store-1234
Ginsing - Fresh,$6.75,59,7/29/2023,tpays4e@archive.org,63,store-1234
Banana,$5.30,24,12/12/2023,mhuddy4f@cpanel.net,99,store-1234
Coffee - Hazelnut Cream,$9.85,86,6/26/2023,ekingscote4g@tamu.edu,97,store-1234
Aspic - Light,$5.77,52,6/23/2023,geccleston4h@pbs.org,79,store-1234
Blackberries,$0.44,25,5/26/2023,jpollack4i@shutterfly.com,4,store-1234
Kahlua,$2.30,58,5/1/2023,eenric4j@1und1.de,19,store-1234
Creamers - 10%,$0.12,78,7/8/2023,fgrzelewski4k@delicious.com,14,store-1234
Puff Pastry - Slab,$1.99,14,2/13/2024,lblaker4l@flavors.me,100,store-1234
Veal - Loin,$8.24,53,12/30/2023,hhannis4m@blog.com,29,store-1234
Rosemary - Fresh,$5.13,15,3/13/2024,aponcet4n@github.com,10,store-1234
Bulgar,$1.05,73,7/15/2023,erosenstein4o@disqus.com,51,store-1234
Veal - Knuckle,$5.18,55,12/10/2023,adaens4p@joomla.org,80,store-1234
Coconut Milk - Unsweetened,$7.13,70,12/3/2023,mmccunn4q@multiply.com,7,store-1234
Carrots - Jumbo,$7.61,10,6/16/2023,bbarta4r@baidu.com,5,store-1234
Wine - Montecillo Rioja Crianza,$6.78,94,8/3/2023,cweins4s@columbia.edu,36,store-1234
Potatoes - Yukon Gold 5 Oz,$0.79,38,4/12/2024,knussgen4t@examiner.com,64,store-1234
Sun - Dried Tomatoes,$9.74,49,12/2/2023,bsutherley4u@google.com.au,78,store-1234
Tomato Paste,$3.65,12,11/15/2023,adoveston4v@cornell.edu,55,store-1234
Praline Paste,$5.30,8,10/4/2023,jcreevy4w@adobe.com,37,store-1234
Scampi Tail,$3.16,4,10/7/2023,cjenno4x@princeton.edu,41,store-1234
Wine - Barolo Fontanafredda,$4.97,2,12/18/2023,ngarfield4y@rakuten.co.jp,67,store-1234
Soup - Campbells Broccoli,$8.18,80,4/8/2024,lpaulsson4z@home.pl,49,store-1234
"Flour - Buckwheat, Dark",$1.67,58,8/6/2023,lsaxby50@senate.gov,69,store-1234
Longan,$8.12,83,12/15/2023,seccleston51@google.cn,48,store-1234
Oil - Canola,$4.96,47,3/20/2024,tscardifeild52@google.nl,13,store-1234
Cheese - La Sauvagine,$4.44,30,4/2/2024,tgier53@soup.io,45,store-1234
Bread - Granary Small Pull,$2.86,34,12/18/2023,abarden54@about.me,91,store-1234
Vaccum Bag - 14x20,$7.62,49,5/31/2023,fvineall55@slashdot.org,12,store-1234
"Lemonade - Black Cherry, 591 Ml",$6.86,43,11/25/2023,spavier56@woothemes.com,10,store-1234
Gatorade - Lemon Lime,$2.12,36,3/4/2024,cbraunle57@xinhuanet.com,28,store-1234
Longos - Burritos,$3.29,70,7/9/2023,rgwinnett58@devhub.com,14,store-1234
"Sauce - Soya, Dark",$5.60,95,7/15/2023,mbartaletti59@bravesites.com,43,store-1234
Whmis Spray Bottle Graduated,$5.76,2,5/25/2023,malcott5a@harvard.edu,79,store-1234
Mikes Hard Lemonade,$1.48,61,5/29/2023,msawfoot5b@webnode.com,48,store-1234
"Crush - Orange, 355ml",$4.53,47,11/14/2023,agoudy5c@washington.edu,46,store-1234
Soup - Campbellschix Stew,$6.48,41,6/4/2023,bdankersley5d@elegantthemes.com,96,store-1234
Milkettes - 2%,$5.12,63,9/11/2023,tvoaden5e@freewebs.com,63,store-1234
Bagel - Everything,$6.74,99,1/11/2024,ssyratt5f@economist.com,10,store-1234
True - Vue Containers,$4.42,37,9/4/2023,acramond5g@aol.com,3,store-1234
Island Oasis - Wildberry,$5.28,17,4/1/2024,mastill5h@symantec.com,63,store-1234
Sobe - Berry Energy,$1.45,49,12/5/2023,cwoodrup5i@ow.ly,86,store-1234
"Oil - Truffle, Black",$5.04,83,12/23/2023,gaurelius5j@amazon.co.jp,61,store-1234
Yoplait Drink,$1.28,32,1/8/2024,oeasman5k@ucla.edu,85,store-1234
Corn - On The Cob,$7.32,17,5/13/2023,ubickmore5l@usnews.com,95,store-1234
Sherbet - Raspberry,$8.27,43,9/9/2023,edawton5m@twitpic.com,53,store-1234
Wine - Cousino Macul Antiguas,$5.22,71,9/19/2023,broseby5n@imgur.com,71,store-1234
Salami - Genova,$2.19,51,12/11/2023,mbiernacki5o@godaddy.com,90,store-1234
Bagelers - Cinn / Brown,$4.83,5,7/13/2023,pthonason5p@independent.co.uk,78,store-1234
Cloves - Ground,$0.18,20,2/20/2024,cdarlison5q@go.com,59,store-1234
"Wine - Bourgogne 2002, La",$2.75,4,6/14/2023,hbonnin5r@digg.com,60,store-1234
Dates,$4.99,96,3/2/2024,bbaron5s@qq.com,4,store-1234
"Beans - Turtle, Black, Dry",$5.41,53,10/5/2023,rbosenworth5t@angelfire.com,5,store-1234
"Pepper - Black, Whole",$2.28,19,2/23/2024,ffear5u@fc2.com,34,store-1234
Salad Dressing,$4.24,80,9/3/2023,kussher5v@slideshare.net,13,store-1234
Tart - Lemon,$7.28,54,5/15/2023,ltilliards5w@shutterfly.com,57,store-1234
Turnip - Mini,$5.19,91,7/10/2023,wkilfoyle5x@weebly.com,18,store-1234
Pepsi - 600ml,$5.53,56,2/8/2024,ssanchis5y@ed.gov,82,store-1234
Appetizer - Cheese Bites,$8.90,74,8/21/2023,kingram5z@nature.com,5,store-1234
Bread - Calabrese Baguette,$0.18,66,8/25/2023,gklesel60@dropbox.com,50,store-1234
Cut Wakame - Hanawakaba,$9.31,16,9/29/2023,jsimmance61@reference.com,56,store-1234
Soup - Base Broth Chix,$5.57,23,2/16/2024,galan62@printfriendly.com,95,store-1234
"Pork - Ham, Virginia",$8.53,22,2/1/2024,wlambshine63@uol.com.br,54,store-1234
Thyme - Dried,$8.69,69,7/25/2023,kbrimelow64@cafepress.com,6,store-1234
Dip - Tapenade,$6.27,36,4/13/2023,priping65@tinypic.com,86,store-1234
Roe - Flying Fish,$1.91,74,10/27/2023,nfrissell66@usa.gov,2,store-1234
Beets - Pickled,$9.12,76,11/24/2023,nbardwell67@go.com,8,store-1234
Soup - Campbells - Chicken Noodle,$7.78,23,5/19/2023,basher68@ow.ly,92,store-1234
Corn Syrup,$4.24,18,4/19/2023,wpharoah69@ameblo.jp,51,store-1234
Arizona - Plum Green Tea,$5.35,55,4/1/2024,ftwidale6a@ocn.ne.jp,49,store-1234
Juice - Propel Sport,$6.39,68,8/11/2023,hmollitt6b@moonfruit.com,13,store-1234
Pepper - Jalapeno,$1.39,86,1/16/2024,jroy6c@archive.org,99,store-1234
Garlic - Elephant,$1.21,79,8/21/2023,tmccaughan6d@google.it,89,store-1234
Bread - Flat Bread,$9.21,8,9/6/2023,myuill6e@dagondesign.com,63,store-1234
"Star Anise, Whole",$5.11,4,4/17/2023,shollyer6f@digg.com,46,store-1234
Pie Pecan,$2.75,26,4/27/2023,pjira6g@japanpost.jp,35,store-1234
Carbonated Water - Peach,$8.36,12,4/29/2023,sgeroldini6h@omniture.com,16,store-1234
Wine - Prosecco Valdobienne,$3.31,35,11/28/2023,hbramer6i@prlog.org,3,store-1234
"Nut - Pecan, Pieces",$5.02,88,2/21/2024,jproughten6j@amazon.co.jp,91,store-1234
Salt - Kosher,$1.24,17,8/10/2023,cseaman6k@gnu.org,63,store-1234
Hummus - Spread,$3.06,81,9/30/2023,llodewick6l@statcounter.com,6,store-1234
Sugar - Monocystal / Rock,$8.72,90,10/23/2023,bhammel6m@marriott.com,71,store-1234
"Cheese - Brie, Cups 125g",$6.03,74,12/16/2023,wtappor6n@cmu.edu,40,store-1234
Ecolab - Medallion,$6.02,57,5/6/2023,vexelby6o@europa.eu,90,store-1234
Wine - Cotes Du Rhone,$8.41,79,2/26/2024,cpawnsford6p@fastcompany.com,6,store-1234
Dried Cranberries,$6.04,73,6/20/2023,amilch6q@gmpg.org,79,store-1234
"Bread - Pullman, Sliced",$6.47,63,12/27/2023,splose6r@accuweather.com,80,store-1234
Pasta - Canelloni,$8.86,60,3/24/2024,szanre6s@rambler.ru,91,store-1234
Salt - Kosher,$4.79,21,7/17/2023,nreekie6t@simplemachines.org,11,store-1234
Appetizer - Sausage Rolls,$1.42,9,9/27/2023,nchristaeas6u@homestead.com,43,store-1234
Assorted Desserts,$7.28,95,2/13/2024,mlebourn6v@cargocollective.com,63,store-1234
Loquat,$5.54,79,12/21/2023,ggartrell6w@japanpost.jp,21,store-1234
"Lemonade - Island Tea, 591 Ml",$3.80,47,5/20/2023,mkeating6x@techcrunch.com,66,store-1234
Chips - Potato Jalapeno,$7.38,91,5/6/2023,gtattoo6y@mit.edu,69,store-1234
Bread - Onion Focaccia,$9.84,2,9/28/2023,aspottiswoode6z@businessweek.com,4,store-1234
Sugar - White Packet,$2.20,61,10/11/2023,bcowup70@addtoany.com,54,store-1234
Sage Derby,$3.91,7,9/3/2023,rwindaybank71@prlog.org,21,store-1234
Bread - Corn Muffaleta Onion,$4.01,1,10/6/2023,csokill72@irs.gov,59,store-1234
Magnotta - Bel Paese White,$7.81,48,10/12/2023,cferroli73@bbc.co.uk,21,store-1234
Cheese - Valancey,$4.04,63,8/11/2023,dlesurf74@cmu.edu,28,store-1234
Chocolate - Compound Coating,$9.87,15,7/1/2023,nchamley75@shinystat.com,2,store-1234
Coffee - Decafenated,$7.31,91,7/5/2023,rmarquot76@yahoo.co.jp,69,store-1234
Pastry - Key Limepoppy Seed Tea,$9.68,92,5/17/2023,nhurworth77@apple.com,2,store-1234
Sour Puss Sour Apple,$0.79,19,2/11/2024,kadamsson78@about.me,36,store-1234
Pail With Metal Handle 16l White,$2.11,45,9/10/2023,swickrath79@cdbaby.com,10,store-1234
Sobe - Tropical Energy,$1.92,68,11/20/2023,esketh7a@theglobeandmail.com,76,store-1234
"Jam - Blackberry, 20 Ml Jar",$0.72,23,8/26/2023,dwoolen7b@mac.com,75,store-1234
"Coconut - Shredded, Sweet",$6.81,12,4/6/2024,clorking7c@webeden.co.uk,35,store-1234
Oysters - Smoked,$0.25,58,4/8/2024,brockliffe7d@cdc.gov,95,store-1234
Curry Paste - Green Masala,$3.78,71,9/6/2023,bvear7e@i2i.jp,67,store-1234
"Wine - Saint - Bris 2002, Sauv",$9.99,70,6/15/2023,dvlasov7f@nih.gov,68,store-1234
Tea - Orange Pekoe,$6.41,42,5/1/2023,aplumer7g@webmd.com,81,store-1234
Cookie Choc,$2.85,83,10/6/2023,sstack7h@vk.com,79,store-1234
Wine - Touraine Azay - Le - Rideau,$5.69,46,9/8/2023,apetris7i@usnews.com,12,store-1234
Pop Shoppe Cream Soda,$0.75,54,2/10/2024,mmurney7j@a8.net,42,store-1234
"Crab - Claws, Snow 16 - 24",$9.51,26,5/22/2023,sraggett7k@macromedia.com,11,store-1234
"Wine - Red, Mosaic Zweigelt",$1.04,26,2/20/2024,mdefilippo7l@example.com,15,store-1234
Olive - Spread Tapenade,$9.71,41,11/3/2023,fcorker7m@marriott.com,81,store-1234
Fiddlehead - Frozen,$1.05,10,9/30/2023,nleser7n@quantcast.com,47,store-1234
"Coconut - Shredded, Sweet",$0.12,81,1/26/2024,nhanse7o@fotki.com,16,store-1234
Beef - Inside Round,$4.27,89,4/8/2024,vlynch7p@soundcloud.com,49,store-1234
Mussels - Cultivated,$6.05,25,9/2/2023,uleeson7q@vk.com,74,store-1234
"Chilli Paste, Sambal Oelek",$1.50,20,5/6/2023,efollet7r@barnesandnoble.com,66,store-1234
Chickensplit Half,$7.77,65,9/29/2023,wyouthed7s@loc.gov,23,store-1234
"Sauce - Soya, Dark",$2.62,84,9/25/2023,cmirralls7t@amazon.de,82,store-1234
Monkfish - Fresh,$9.75,30,11/30/2023,mmorewood7u@intel.com,27,store-1234
Kiwi,$8.44,92,4/24/2023,lgeldeford7v@shinystat.com,52,store-1234
Green Scrubbie Pad H.duty,$5.35,72,1/24/2024,bhardstaff7w@sourceforge.net,20,store-1234
Chutney Sauce - Mango,$8.41,9,1/2/2024,rbotha7x@soup.io,16,store-1234
Pork - Caul Fat,$2.19,100,2/3/2024,pwalsh7y@cafepress.com,68,store-1234
"Nut - Walnut, Pieces",$4.52,60,9/8/2023,bmahoney7z@senate.gov,83,store-1234
Cake - Cake Sheet Macaroon,$9.45,55,10/26/2023,asmeed80@bluehost.com,2,store-1234
Ice Cream - Vanilla,$5.24,76,3/30/2024,lgovenlock81@yellowpages.com,93,store-1234
"Marjoram - Dried, Rubbed",$5.88,8,8/10/2023,aschlagtmans82@godaddy.com,18,store-1234
"Pork - Bacon,back Peameal",$0.48,29,5/1/2023,tdrewes83@networkadvertising.org,16,store-1234
Hipnotiq Liquor,$2.25,62,1/1/2024,jgiovannini84@newyorker.com,82,store-1234
Cups 10oz Trans,$1.15,61,7/11/2023,mgiraldon85@surveymonkey.com,97,store-1234
Salmon Steak - Cohoe 8 Oz,$2.49,36,10/23/2023,lismead86@cnn.com,25,store-1234
Sugar - Individual Portions,$1.00,99,7/2/2023,athewys87@ask.com,17,store-1234
Caviar - Salmon,$4.49,77,11/26/2023,lrappoport88@answers.com,30,store-1234
Pur Source,$1.24,56,5/30/2023,rcraythorn89@addtoany.com,83,store-1234
Pork - Caul Fat,$1.36,64,5/30/2023,bmontier8a@alexa.com,26,store-1234
"Pork - Bacon, Double Smoked",$3.75,65,2/14/2024,glinturn8b@theguardian.com,34,store-1234
Nantucket - Orange Mango Cktl,$9.87,30,12/21/2023,llangham8c@cornell.edu,52,store-1234
Compound - Rum,$2.61,27,7/24/2023,apendergast8d@forbes.com,34,store-1234
Napkin Colour,$8.66,99,11/4/2023,kslocomb8e@guardian.co.uk,88,store-1234
Bay Leaf,$9.53,49,9/26/2023,ntoomey8f@cbc.ca,44,store-1234
Sugar - Brown,$7.92,60,11/12/2023,ftitman8g@si.edu,4,store-1234
Cloves - Ground,$1.62,60,7/28/2023,jsellan8h@over-blog.com,18,store-1234
"Crab - Blue, Frozen",$8.18,37,2/5/2024,kgermaine8i@trellian.com,41,store-1234
Cheese - Goat,$9.61,15,9/7/2023,bsmorthwaite8j@chron.com,25,store-1234
Peppercorns - Pink,$3.32,65,12/29/2023,gmcdonough8k@163.com,96,store-1234
Green Scrubbie Pad H.duty,$1.77,56,6/19/2023,gbapty8l@arstechnica.com,23,store-1234
Soho Lychee Liqueur,$7.48,90,1/4/2024,lspringthorpe8m@is.gd,100,store-1234
Neckerchief Blck,$6.25,60,9/15/2023,vpallasch8n@wsj.com,21,store-1234
Tea - Black Currant,$7.01,20,7/5/2023,jscanlon8o@diigo.com,58,store-1234
Vinegar - Champagne,$0.62,20,3/4/2024,aksandra8p@hud.gov,30,store-1234
Muffin Mix - Corn Harvest,$3.00,36,8/8/2023,rnotley8q@blogtalkradio.com,43,store-1234
Lamb - Shanks,$2.71,23,3/21/2024,iandrejs8r@webnode.com,19,store-1234
Venison - Ground,$6.26,64,12/18/2023,tdominelli8s@blogtalkradio.com,95,store-1234
"Mop Head - Cotton, 24 Oz",$6.78,50,3/3/2024,fburkman8t@psu.edu,16,store-1234
Pop - Club Soda Can,$2.91,73,1/27/2024,vlismore8u@gizmodo.com,30,store-1234
Ham - Cooked Bayonne Tinned,$3.18,50,10/6/2023,bsouthward8v@wisc.edu,16,store-1234
Goulash Seasoning,$5.25,43,6/20/2023,ehapps8w@people.com.cn,43,store-1234
"Juice - Pineapple, 341 Ml",$3.51,58,5/7/2023,broman8x@lulu.com,22,store-1234
"Lid - 10,12,16 Oz",$9.21,98,2/8/2024,ogerault8y@jugem.jp,23,store-1234
"Soup - Knorr, Country Bean",$7.98,96,11/25/2023,mdymick8z@japanpost.jp,52,store-1234
Cakes Assorted,$1.87,26,2/23/2024,fhavik90@g.co,98,store-1234
Raisin - Golden,$2.76,31,4/22/2023,smacbain91@goo.ne.jp,62,store-1234
Pate - Peppercorn,$1.01,48,5/4/2023,bromaynes92@artisteer.com,91,store-1234
"Mushroom - Shitake, Dry",$8.79,42,2/24/2024,lswire93@virginia.edu,78,store-1234
Spinach - Packaged,$6.58,67,11/26/2023,pbayle94@ihg.com,4,store-1234
"Pork - Bacon,back Peameal",$4.73,94,2/4/2024,dolehane95@pagesperso-orange.fr,6,store-1234
"Croissant, Raw - Mini",$6.13,49,11/23/2023,wschapiro96@adobe.com,11,store-1234
Wine - Wyndham Estate Bin 777,$5.70,7,3/20/2024,mrollett97@chicagotribune.com,71,store-1234
Ecolab - Mikroklene 4/4 L,$3.12,74,4/16/2023,aolpin98@freewebs.com,18,store-1234
Bread - Flat Bread,$1.93,75,2/1/2024,agueinn99@dropbox.com,89,store-1234
"Wine - White, French Cross",$2.35,79,9/24/2023,bhatherleigh9a@mail.ru,95,store-1234
Scrubbie - Scotchbrite Hand Pad,$4.17,5,1/25/2024,owandrey9b@g.co,52,store-1234
Gherkin,$7.95,46,8/2/2023,rrobroe9c@cdc.gov,12,store-1234
Muffin Hinge Container 6,$1.85,67,9/30/2023,cpillifant9d@census.gov,36,store-1234
"Beef - Cooked, Corned",$1.04,27,8/20/2023,hlamplough9e@tumblr.com,26,store-1234
Olives - Nicoise,$3.37,73,8/2/2023,gkeetch9f@theguardian.com,49,store-1234
"Pasta - Lasagna, Dry",$9.97,70,9/19/2023,cconnikie9g@pagesperso-orange.fr,31,store-1234
Cheese - Roquefort Pappillon,$8.67,30,5/10/2023,rpoyntz9h@sohu.com,5,store-1234
Truffle Shells - Semi - Sweet,$5.12,59,1/19/2024,rjanaway9i@huffingtonpost.com,12,store-1234
Cardamon Ground,$3.03,45,9/14/2023,blashmar9j@washingtonpost.com,100,store-1234
Bread - French Stick,$4.78,30,9/4/2023,probez9k@jimdo.com,93,store-1234
Curry Powder,$0.26,90,10/3/2023,tlancastle9l@icq.com,28,store-1234
Wine - Chablis 2003 Champs,$0.38,15,10/15/2023,thabershaw9m@ovh.net,10,store-1234
Longos - Burritos,$3.33,20,3/9/2024,chobgen9n@washington.edu,32,store-1234
Appetizer - Sausage Rolls,$0.51,79,1/4/2024,tmithon9o@utexas.edu,80,store-1234
Cocoa Powder - Natural,$2.60,99,9/12/2023,arothman9p@sakura.ne.jp,81,store-1234
Mix - Cocktail Ice Cream,$1.07,3,9/21/2023,scarryer9q@blogspot.com,40,store-1234
Gelatine Leaves - Envelopes,$3.27,11,8/6/2023,cjoontjes9r@soup.io,13,store-1234
"Brownies - Two Bite, Chocolate",$3.51,51,11/15/2023,fgreenhouse9s@seattletimes.com,5,store-1234
Instant Coffee,$1.52,97,8/23/2023,yremon9t@census.gov,14,store-1234
Bouillion - Fish,$0.18,23,2/20/2024,lboschmann9u@163.com,37,store-1234
Cookie Dough - Double,$4.35,51,12/3/2023,cborrie9v@dailymail.co.uk,93,store-1234
"Oregano - Dry, Rubbed",$6.58,49,4/5/2024,bcowton9w@wufoo.com,94,store-1234
Bread - 10 Grain Parisian,$7.41,21,2/1/2024,ajecock9x@scientificamerican.com,76,store-1234
Cookie Dough - Oatmeal Rasin,$1.51,78,4/16/2023,jeykel9y@seesaa.net,8,store-1234
Nori Sea Weed,$6.75,32,4/4/2024,dburg9z@so-net.ne.jp,43,store-1234
Capicola - Hot,$1.62,36,7/2/2023,aivashchenkoa0@usnews.com,88,store-1234
Bacardi Limon,$9.68,18,8/4/2023,edeala1@chronoengine.com,99,store-1234
"Crab - Claws, 26 - 30",$0.47,54,3/2/2024,mlavericka2@gov.uk,72,store-1234
Flour Dark Rye,$5.77,36,11/6/2023,btrehernea3@vimeo.com,49,store-1234
Beef - Top Sirloin,$9.38,72,9/23/2023,wbooleya4@friendfeed.com,11,store-1234
Ice Cream Bar - Drumstick,$1.77,32,11/22/2023,mhuddya5@arizona.edu,30,store-1234
Lobak,$4.94,50,5/4/2023,lshaperaa6@adobe.com,44,store-1234
"Beans - Navy, Dry",$3.32,93,10/9/2023,hhumana7@oaic.gov.au,47,store-1234
Beef Dry Aged Tenderloin Aaa,$9.40,50,2/15/2024,lwoolaghana8@discovery.com,14,store-1234
Flavouring - Orange,$1.97,23,10/10/2023,aswalea9@epa.gov,59,store-1234
Squid - Breaded,$0.13,11,10/4/2023,fmasoaa@lulu.com,44,store-1234
Jolt Cola,$9.39,44,4/16/2023,abrownfieldab@senate.gov,49,store-1234
Cheese - Marble,$2.04,24,4/6/2024,llopesac@aboutads.info,53,store-1234
Onions - Vidalia,$8.06,26,9/11/2023,ptremberthad@columbia.edu,82,store-1234
"Juice - Pineapple, 341 Ml",$7.83,33,5/22/2023,pwhorlowae@businesswire.com,47,store-1234
Icecream - Dstk Strw Chseck,$8.66,21,9/16/2023,byakovlaf@dailymail.co.uk,79,store-1234
Bar - Granola Trail Mix Fruit Nut,$7.20,61,9/23/2023,aantunezag@fc2.com,3,store-1234
"Tomatoes - Vine Ripe, Yellow",$7.38,72,3/1/2024,hginieah@google.cn,79,store-1234
Wine - Port Late Bottled Vintage,$5.60,3,8/7/2023,bdenialai@chronoengine.com,39,store-1234
Cup Translucent 9 Oz,$1.88,100,10/16/2023,rblinkhornaj@intel.com,73,store-1234
"Pork - Butt, Boneless",$6.29,90,12/24/2023,rbewsheaak@angelfire.com,74,store-1234
Tea - Lemon Green Tea,$9.40,64,5/22/2023,cchellamal@oakley.com,71,store-1234
Cheese - Pied De Vents,$2.96,2,2/10/2024,lantatam@tiny.cc,72,store-1234
Pepper - Roasted Red,$0.26,52,6/12/2023,mshandan@amazonaws.com,90,store-1234
Cabbage - Savoy,$0.84,70,12/6/2023,acabreraao@apache.org,13,store-1234
Coffee - Decaffeinato Coffee,$4.54,22,11/12/2023,mstancliffeap@mayoclinic.com,86,store-1234
Chinese Foods - Pepper Beef,$4.22,73,4/10/2024,hmorganaq@umn.edu,66,store-1234
"Red Snapper - Fillet, Skin On",$1.26,9,4/10/2024,gsteensonar@symantec.com,79,store-1234
Soup - Campbells Broccoli,$8.75,20,7/31/2023,ohalloras@discovery.com,44,store-1234
Cilantro / Coriander - Fresh,$7.22,28,10/9/2023,jminetat@oaic.gov.au,79,store-1234
Butter Ripple - Phillips,$3.82,95,3/13/2024,jmacginleyau@skype.com,53,store-1234
"Wine - Red, Mouton Cadet",$7.98,44,7/27/2023,mholtonav@cbsnews.com,47,store-1234
Potatoes - Mini White 3 Oz,$7.38,91,1/9/2024,mpearneaw@homestead.com,91,store-1234
"Squash - Pattypan, Yellow",$4.36,42,2/29/2024,rmoralasax@4shared.com,80,store-1234
Sprouts - Corn,$1.88,30,10/26/2023,rferieray@cornell.edu,13,store-1234
Flavouring - Orange,$3.20,84,5/29/2023,jbeckleyaz@marriott.com,16,store-1234
Pickles - Gherkins,$8.61,20,1/17/2024,rcoomesb0@wsj.com,19,store-1234
Pancetta,$2.61,46,8/26/2023,toliveyb1@baidu.com,27,store-1234
Shrimp - Prawn,$2.06,31,8/9/2023,cetockb2@reddit.com,84,store-1234
Soupfoamcont12oz 112con,$6.28,38,3/22/2024,oconantb3@cornell.edu,70,store-1234
"Wine - Bourgogne 2002, La",$6.64,33,11/9/2023,gromainesb4@netvibes.com,95,store-1234
"Veal - Round, Eye Of",$2.18,86,9/12/2023,tbrahmb5@reverbnation.com,41,store-1234
Sobe - Cranberry Grapefruit,$7.45,26,12/30/2023,esutlieffb6@ehow.com,11,store-1234
Crackers - Water,$3.48,73,1/27/2024,ldeemingb7@ovh.net,80,store-1234
Wine - Mondavi Coastal Private,$6.34,22,4/24/2023,nsudronb8@sfgate.com,29,store-1234
Pasta - Orecchiette,$4.98,34,4/21/2023,clefeuvreb9@tamu.edu,23,store-1234
"Oil - Olive, Extra Virgin",$5.72,36,5/5/2023,mnorkettba@boston.com,20,store-1234
"Pepper - Julienne, Frozen",$9.89,1,12/14/2023,kdallenderbb@hugedomains.com,70,store-1234
"Oil - Food, Lacquer Spray",$7.47,96,6/10/2023,bwitherowbc@examiner.com,77,store-1234
Lettuce Romaine Chopped,$7.83,1,1/14/2024,mgibbingsbd@omniture.com,40,store-1234
Cheese - Marble,$3.99,55,8/17/2023,ehewinsbe@xrea.com,21,store-1234
Pork - Caul Fat,$7.31,64,8/29/2023,bvivianbf@sciencedirect.com,66,store-1234
Ham - Virginia,$9.33,14,12/29/2023,ttattambg@squarespace.com,51,store-1234
Bread - Sour Sticks With Onion,$7.81,79,9/7/2023,bgoodsellbh@microsoft.com,47,store-1234
Sprouts - Pea,$2.32,84,9/25/2023,cspraggebi@dion.ne.jp,14,store-1234
Praline Paste,$9.04,91,12/4/2023,igunthorpebj@sbwire.com,91,store-1234
Fruit Salad Deluxe,$6.61,11,9/3/2023,ajaneczekbk@tripod.com,3,store-1234
Bagelers - Cinn / Brown,$5.25,1,4/14/2023,jshaxbybl@cyberchimps.com,40,store-1234
Crab Brie In Phyllo,$8.61,58,3/16/2024,pdoegbm@constantcontact.com,4,store-1234
"Vodka - Hot, Lnferno",$8.00,64,11/1/2023,emcmarquisbn@twitter.com,11,store-1234
"Beer - Alexander Kieths, Pale Ale",$4.56,9,2/17/2024,smccurlyebo@mapy.cz,15,store-1234
"Tart Shells - Savory, 3",$8.47,20,1/1/2024,ajanousekbp@1und1.de,69,store-1234
Venison - Liver,$6.36,16,11/3/2023,pfaulkenerbq@mail.ru,81,store-1234
Peas Snow,$8.85,18,2/5/2024,dpayebr@artisteer.com,21,store-1234
"Lamb - Loin, Trimmed, Boneless",$5.51,91,3/14/2024,gtetlowbs@live.com,89,store-1234
"Pork - Loin, Center Cut",$9.47,65,3/21/2024,dmerwoodbt@plala.or.jp,54,store-1234
Iced Tea Concentrate,$1.63,74,11/16/2023,ahaslockebu@npr.org,37,store-1234
"Artichoke - Bottom, Canned",$7.59,27,11/25/2023,xburghillbv@jugem.jp,29,store-1234
V8 Splash Strawberry Banana,$1.57,65,2/5/2024,abalasinbw@amazon.com,92,store-1234
Wine - Gewurztraminer Pierre,$9.14,83,1/8/2024,cbosleybx@icio.us,86,store-1234
Tumeric,$0.02,14,4/11/2024,jgrunderby@mlb.com,18,store-1234
Table Cloth 54x54 White,$8.95,68,2/27/2024,mflamankbz@home.pl,42,store-1234
Carbonated Water - Peach,$7.55,60,9/2/2023,jbaylayc0@goo.gl,67,store-1234
"Tart Shells - Sweet, 3",$9.15,1,8/5/2023,esandomc1@tinypic.com,52,store-1234
Bread - Hamburger Buns,$2.06,83,4/16/2023,edezamorac2@rakuten.co.jp,41,store-1234
Coffee - Irish Cream,$0.58,92,8/14/2023,bwaszczykc3@dell.com,29,store-1234
Mix - Cocktail Ice Cream,$6.45,38,5/4/2023,fcromartyc4@yelp.com,70,store-1234
"Soup - Campbells, Classic Chix",$8.25,42,7/10/2023,swidmoorc5@nationalgeographic.com,3,store-1234
Steel Wool,$8.00,4,9/4/2023,kanfossoc6@cnn.com,74,store-1234
"Tomatoes - Cherry, Yellow",$5.18,19,10/8/2023,ekleselc7@yelp.com,57,store-1234
Wine - Ice Wine,$0.49,99,3/26/2024,rbemmentc8@amazon.co.uk,20,store-1234
"Bread - Pullman, Sliced",$0.33,36,4/26/2023,dfillinghamc9@dion.ne.jp,13,store-1234
Garam Masala Powder,$5.13,73,3/4/2024,zcantorca@ovh.net,33,store-1234
Lid - 3oz Med Rec,$9.32,29,10/21/2023,nthornhamcb@nbcnews.com,32,store-1234
Trueblue - Blueberry,$0.81,37,9/3/2023,lwithringtencc@blogger.com,82,store-1234
Cauliflower,$7.11,19,1/18/2024,cshakesbycd@wordpress.org,70,store-1234
Lid - 0090 Clear,$2.52,36,9/12/2023,pburlingamece@fc2.com,22,store-1234
Sugar - Icing,$2.33,68,3/16/2024,jkigelmancf@harvard.edu,27,store-1234
Tart - Butter Plain Squares,$5.27,17,9/23/2023,avasilmanovcg@mozilla.org,26,store-1234
Plasticforkblack,$4.20,63,7/31/2023,jturfsch@prlog.org,11,store-1234
Chef Hat 20cm,$7.99,87,10/5/2023,wpastorci@bigcartel.com,8,store-1234
"Cheese - Cheddar, Medium",$5.43,52,5/22/2023,bledwardcj@cam.ac.uk,8,store-1234
"Stock - Beef, White",$2.63,23,1/12/2024,dgarritleyck@paginegialle.it,48,store-1234
Eggplant - Regular,$9.94,64,9/16/2023,alewsoncl@unesco.org,43,store-1234
Appetizer - Crab And Brie,$2.92,79,1/6/2024,pprangleycm@vimeo.com,7,store-1234
Peas - Frozen,$8.42,6,12/24/2023,vplowellcn@a8.net,63,store-1234
Energy Drink - Franks Original,$0.12,96,7/21/2023,rmoulsdallco@phpbb.com,93,store-1234
Bread - English Muffin,$1.35,98,10/3/2023,hbruntjencp@aboutads.info,40,store-1234
Oven Mitts 17 Inch,$1.55,40,6/16/2023,mcoencq@joomla.org,70,store-1234
Appetizer - Cheese Bites,$3.39,56,2/20/2024,ymccombecr@indiegogo.com,41,store-1234
Beef - Tenderloin Tails,$5.10,12,10/25/2023,jredlercs@ca.gov,78,store-1234
Beef - Kobe Striploin,$3.63,39,1/17/2024,ekieranct@mail.ru,55,store-1234
Sauerkraut,$3.53,47,7/19/2023,ibeckfordcu@cnn.com,80,store-1234
"Glass - Wine, Plastic, Clear 5 Oz",$8.52,50,3/9/2024,siacofocv@nba.com,74,store-1234
Soup - Campbells Bean Medley,$3.37,93,11/2/2023,jroddercw@tiny.cc,100,store-1234
Olives - Kalamata,$8.27,21,5/9/2023,nkittleycx@ebay.com,97,store-1234
Southern Comfort,$9.68,34,2/18/2024,bbluchercy@example.com,27,store-1234
Steampan - Foil,$2.72,82,9/11/2023,bdaftcz@twitpic.com,35,store-1234
Squid Ink,$7.42,71,4/14/2023,ichristescud0@amazon.co.jp,38,store-1234
"Beef - Rib Roast, Capless",$7.79,93,8/10/2023,ktripond1@reverbnation.com,82,store-1234
Water Chestnut - Canned,$7.19,80,9/29/2023,mblagbroughd2@bbc.co.uk,55,store-1234
Praline Paste,$4.19,80,5/26/2023,rsandiferd3@is.gd,4,store-1234
Garbage Bags - Black,$0.60,65,7/9/2023,mwoofd4@wufoo.com,10,store-1234
"Shrimp - 16/20, Iqf, Shell On",$1.07,90,1/30/2024,mepslyd5@dropbox.com,56,store-1234
Beer - Blue,$7.43,39,4/13/2023,kboatswaind6@slashdot.org,5,store-1234
Bread Base - Gold Formel,$6.28,84,8/9/2023,bemminesd7@narod.ru,64,store-1234
Lobster - Live,$5.81,15,8/3/2023,bworcsd8@dell.com,16,store-1234
Extract Vanilla Pure,$7.02,92,11/13/2023,ocoklyd9@purevolume.com,2,store-1234
"Coconut - Shredded, Unsweet",$0.55,69,2/6/2024,goughda@buzzfeed.com,90,store-1234
"Pasta - Spaghetti, Dry",$5.99,6,5/28/2023,mmowledb@businessweek.com,84,store-1234
Cherries - Fresh,$8.35,80,3/14/2024,emunehaydc@paginegialle.it,85,store-1234
"Sprite, Diet - 355ml",$0.13,11,5/13/2023,tmaragesdd@dailymail.co.uk,10,store-1234
Soup Campbells Beef With Veg,$7.72,29,10/20/2023,dgimenezde@state.gov,84,store-1234
Wine - Prem Select Charddonany,$8.34,52,11/12/2023,jgainedf@fastcompany.com,5,store-1234
"Chestnuts - Whole,canned",$0.33,21,1/3/2024,lhellwigdg@amazon.de,6,store-1234
"Mushroom - Morels, Dry",$10.00,67,7/13/2023,sclouterdh@google.fr,78,store-1234
Mushroom Morel Fresh,$7.31,82,1/3/2024,acauntdi@e-recht24.de,81,store-1234
Food Colouring - Pink,$1.34,11,8/1/2023,kshyredj@sourceforge.net,57,store-1234
Octopus,$9.07,78,11/6/2023,nhazeldenedk@netvibes.com,5,store-1234
Pie Shell - 5,$4.39,99,11/23/2023,cboultondl@photobucket.com,31,store-1234
Shortbread - Cookie Crumbs,$2.23,92,8/3/2023,cdesaurdm@parallels.com,37,store-1234
Wine - Balbach Riverside,$3.76,35,6/26/2023,jvowelsdn@who.int,4,store-1234
Kumquat,$4.56,3,4/13/2023,slemmedo@gravatar.com,73,store-1234
Soup - Campbells - Chicken Noodle,$7.08,10,5/21/2023,dshavedp@yahoo.co.jp,14,store-1234
Bread - Italian Sesame Poly,$3.58,61,1/13/2024,cpenhalewickdq@blogs.com,69,store-1234
Bagel - Ched Chs Presliced,$6.05,68,10/10/2023,josseltondr@intel.com,71,store-1234
Ocean Spray - Kiwi Strawberry,$9.12,60,6/12/2023,chimsworthds@ocn.ne.jp,100,store-1234
Beef - Eye Of Round,$0.48,58,4/29/2023,ktaffiedt@cafepress.com,5,store-1234
Pepper - Jalapeno,$2.81,63,3/9/2024,sdeeveydu@wisc.edu,50,store-1234
Juice Peach Nectar,$8.95,33,5/13/2023,mphillippodv@wufoo.com,12,store-1234
Energy Drink Bawls,$7.55,19,11/21/2023,khaggiedw@independent.co.uk,21,store-1234
"Stock - Beef, White",$3.80,34,10/1/2023,ijirousekdx@joomla.org,56,store-1234
Muffin Batt - Blueberry Passion,$0.35,1,7/8/2023,jpettisdy@is.gd,57,store-1234
Wine - Gewurztraminer Pierre,$2.35,62,6/5/2023,dhuckfielddz@nytimes.com,19,store-1234
Beef Dry Aged Tenderloin Aaa,$6.01,84,8/3/2023,ahaughane0@blogs.com,36,store-1234
Table Cloth 54x54 Colour,$6.39,86,3/23/2024,jspoore1@state.gov,28,store-1234
"Bread - Rolls, Corn",$6.84,10,7/26/2023,lchitsone2@w3.org,4,store-1234
Daves Island Stinger,$4.13,31,3/21/2024,bhearnamane3@nhs.uk,65,store-1234
Coffee - Ristretto Coffee Capsule,$9.20,96,3/30/2024,gitchinghame4@qq.com,24,store-1234
Chicken - Bones,$2.52,68,10/12/2023,jixore5@scribd.com,1,store-1234
Dip - Tapenade,$8.37,29,4/7/2024,egobeauxe6@dailymotion.com,29,store-1234
Coffee Beans - Chocolate,$2.96,86,10/6/2023,kdaintreye7@myspace.com,44,store-1234
French Kiss Vanilla,$0.85,22,2/27/2024,neasene8@studiopress.com,24,store-1234
Sobe - Berry Energy,$6.63,26,12/22/2023,akeiltye9@nytimes.com,2,store-1234
Petite Baguette,$3.70,75,6/10/2023,tgrimblebyea@liveinternet.ru,99,store-1234
Orange Roughy 4/6 Oz,$2.71,16,5/23/2023,wnorquayeb@wikimedia.org,75,store-1234
Bar - Sweet And Salty Chocolate,$3.51,89,6/26/2023,ringlisec@cloudflare.com,18,store-1234
Wine - Rosso Toscano Igt,$8.14,32,9/15/2023,gbrookesbieed@nature.com,8,store-1234
Beef - Bresaola,$4.34,60,8/21/2023,dauburyee@php.net,52,store-1234
"Tarragon - Primerba, Paste",$8.10,45,4/19/2023,psuggeef@tripod.com,45,store-1234
Dikon,$2.08,5,5/1/2023,wtaploweg@shutterfly.com,31,store-1234
Soup Campbells - Tomato Bisque,$0.33,74,11/22/2023,icarlinoeh@spiegel.de,19,store-1234
Cloves - Whole,$6.31,40,2/3/2024,cdelacroixei@pinterest.com,80,store-1234
"Red Snapper - Fresh, Whole",$4.01,54,10/24/2023,cgoathropej@tinypic.com,16,store-1234
True - Vue Containers,$8.70,88,1/3/2024,zpodmoreek@opensource.org,47,store-1234
Spice - Chili Powder Mexican,$8.36,22,2/23/2024,hhealingel@senate.gov,3,store-1234
Cheese - Swiss Sliced,$4.85,76,12/15/2023,jadsheadem@java.com,44,store-1234
Quail Eggs - Canned,$6.91,19,8/2/2023,mweatherbyen@angelfire.com,15,store-1234
"Brownies - Two Bite, Chocolate",$1.69,58,3/23/2024,nmerryweathereo@domainmarket.com,19,store-1234
Chips - Doritos,$4.96,70,6/16/2023,rboutflourep@skyrock.com,32,store-1234
Tomatoes Tear Drop Yellow,$0.82,36,1/29/2024,hlentscheq@ibm.com,100,store-1234
"Ranchero - Primerba, Paste",$5.09,50,10/20/2023,fholburner@csmonitor.com,14,store-1234
Wine - Chenin Blanc K.w.v.,$2.41,18,9/10/2023,mwaitlandes@auda.org.au,52,store-1234
Pur Source,$2.78,54,8/24/2023,wmaddockset@bloglines.com,74,store-1234
Cheese - Le Cru Du Clocher,$4.92,14,2/13/2024,sjarryeu@usda.gov,57,store-1234
Pail For Lid 1537,$4.74,91,8/8/2023,fgaleroev@nasa.gov,16,store-1234
Olives - Kalamata,$0.07,19,3/31/2024,rsketchleyew@digg.com,46,store-1234
Scampi Tail,$1.13,80,8/1/2023,rknaptonex@bloglovin.com,95,store-1234
"Hickory Smoke, Liquid",$5.80,33,9/28/2023,rgamageey@umich.edu,88,store-1234
"Soup - Knorr, French Onion",$4.16,84,11/2/2023,sgerbiez@prlog.org,46,store-1234
"Nut - Hazelnut, Ground, Natural",$4.61,11,6/30/2023,jbeeckf0@reuters.com,7,store-1234
Cake - Mini Potato Pancake,$5.59,26,2/16/2024,wgarretsonf1@posterous.com,47,store-1234
Dawn Professionl Pot And Pan,$3.28,90,4/6/2024,dlunamf2@illinois.edu,78,store-1234
Graham Cracker Mix,$7.64,42,11/27/2023,usolomonidesf3@ask.com,82,store-1234
Squeeze Bottle,$9.38,83,11/14/2023,csumnallf4@google.com.br,7,store-1234
"Wine - Magnotta, Merlot Sr Vqa",$2.76,96,1/31/2024,gscoterboshf5@gov.uk,62,store-1234
Appetizer - Chicken Satay,$5.61,90,5/18/2023,echicottif6@unc.edu,34,store-1234
"Ice - Clear, 300 Lb For Carving",$7.06,73,1/2/2024,awoanf7@bloglovin.com,51,store-1234
Wine - Beaujolais Villages,$4.86,42,6/27/2023,jkitchinerf8@skyrock.com,96,store-1234
Edible Flower - Mixed,$3.78,63,1/3/2024,gmbarronf9@techcrunch.com,16,store-1234
"Liqueur Banana, Ramazzotti",$7.65,56,1/28/2024,thuftonfa@cdc.gov,92,store-1234
Nantucket Apple Juice,$8.16,91,1/20/2024,omeddowsfb@europa.eu,58,store-1234
Garbage Bag - Clear,$8.66,90,3/22/2024,chamfleetfc@alibaba.com,34,store-1234
Wine - Carmenere Casillero Del,$3.76,48,11/28/2023,coldalefd@ucoz.ru,75,store-1234
Bar Special K,$0.77,53,12/7/2023,tcawseyfe@amazon.com,5,store-1234
"Beans - Black Bean, Dry",$2.99,45,9/15/2023,bsweetzerff@craigslist.org,75,store-1234
Creme De Cacao White,$4.88,24,4/4/2024,iferraresifg@reference.com,95,store-1234
Cabbage Roll,$2.67,2,7/13/2023,xrickassefh@xrea.com,21,store-1234
Pork - Caul Fat,$2.61,83,3/18/2024,nglasbeyfi@addtoany.com,97,store-1234
Chick Peas - Canned,$4.42,11,7/29/2023,fcastagnonefj@symantec.com,60,store-1234
Wine - Penfolds Koonuga Hill,$3.07,51,6/28/2023,htilliardfk@webmd.com,17,store-1234
Crab - Soft Shell,$2.78,44,11/24/2023,ccoronadofl@addthis.com,27,store-1234
Carbonated Water - Peach,$9.75,90,4/22/2023,cscroggiefm@t-online.de,31,store-1234
"Chocolate - Milk, Callets",$9.62,11,8/28/2023,adunsirefn@reverbnation.com,37,store-1234
Mushroom - King Eryingii,$7.25,66,12/17/2023,bpridittfo@icio.us,52,store-1234
Table Cloth 144x90 White,$7.03,76,4/18/2023,cmiddleditchfp@list-manage.com,8,store-1234
Orange - Tangerine,$4.32,74,10/19/2023,ngullivanfq@harvard.edu,67,store-1234
Muffin Mix - Oatmeal,$0.70,2,10/28/2023,kchorltonfr@flavors.me,74,store-1234
Pheasants - Whole,$5.95,92,3/14/2024,tdimmockfs@ftc.gov,34,store-1234
Wine - Cabernet Sauvignon,$3.49,54,4/24/2023,ssatfordft@cam.ac.uk,99,store-1234
"Water - Mineral, Carbonated",$0.18,41,10/29/2023,cflippenfu@nba.com,47,store-1234
Bread - Burger,$9.26,52,8/6/2023,rmarcinkusfv@ow.ly,39,store-1234
Compound - Passion Fruit,$9.17,8,9/26/2023,brocksfw@va.gov,78,store-1234
Parsley Italian - Fresh,$3.79,46,2/17/2024,akleebornfx@howstuffworks.com,58,store-1234
Venison - Liver,$5.79,87,7/18/2023,fbownesfy@macromedia.com,39,store-1234
Coffee - Irish Cream,$4.69,7,3/29/2024,lreckhousefz@fotki.com,37,store-1234
Wild Boar - Tenderloin,$6.03,58,11/20/2023,cleborgneg0@ucla.edu,82,store-1234
"Doilies - 5, Paper",$8.84,26,7/8/2023,jseczykg1@auda.org.au,49,store-1234
"Tart Shells - Barquettes, Savory",$4.38,25,10/17/2023,rsouthcoatg2@salon.com,68,store-1234
Bar Mix - Lemon,$4.09,9,12/9/2023,dmeggisong3@whitehouse.gov,29,store-1234
Bacardi Breezer - Tropical,$4.67,84,10/29/2023,ngundreyg4@flickr.com,6,store-1234
Pie Box - Cello Window 2.5,$1.68,63,6/16/2023,pleathlayg5@nytimes.com,67,store-1234
Apple - Granny Smith,$3.39,78,9/28/2023,kkoenraadg6@princeton.edu,29,store-1234
"Yogurt - Banana, 175 Gr",$4.04,2,7/20/2023,spidgeleyg7@wikipedia.org,65,store-1234
Salt - Sea,$6.45,96,10/15/2023,esteedeng8@google.cn,76,store-1234
Bread - Rye,$6.17,81,1/28/2024,wkimburyg9@arstechnica.com,80,store-1234
Red Cod Fillets - 225g,$7.03,5,10/7/2023,mgaytherga@tamu.edu,59,store-1234
Marjoram - Fresh,$2.56,28,11/24/2023,skeeffegb@ezinearticles.com,30,store-1234
Tea - Orange Pekoe,$0.38,95,4/7/2024,rthelwllgc@ameblo.jp,71,store-1234
Lid Coffeecup 12oz D9542b,$1.49,71,12/24/2023,mrispengd@i2i.jp,75,store-1234
Orange Roughy 4/6 Oz,$9.56,52,12/26/2023,echennellsge@sohu.com,95,store-1234
Evaporated Milk - Skim,$1.94,5,6/13/2023,mderycotgf@bigcartel.com,42,store-1234
Pie Filling - Apple,$6.32,42,7/13/2023,fallerygg@spiegel.de,84,store-1234
Currants,$5.77,12,9/22/2023,lwaldrumgh@delicious.com,13,store-1234
Artichokes - Jerusalem,$6.57,74,12/31/2023,ltaffeegi@un.org,84,store-1234
Rice - 7 Grain Blend,$2.77,44,12/8/2023,rrobicgj@nytimes.com,74,store-1234
"Placemat - Scallop, White",$2.23,44,3/17/2024,kgiraudygk@squidoo.com,98,store-1234
"Doilies - 12, Paper",$2.65,68,6/14/2023,aosullivangl@dell.com,4,store-1234
Apron,$0.83,89,5/27/2023,sesterbrookgm@comcast.net,93,store-1234
Sugar - Individual Portions,$9.06,99,11/29/2023,istoadegn@google.ru,43,store-1234
"Wine - Cahors Ac 2000, Clos",$4.77,11,5/31/2023,claydelgo@themeforest.net,94,store-1234
Kaffir Lime Leaves,$5.90,94,7/13/2023,elevingsgp@ted.com,12,store-1234
"Pasta - Detalini, White, Fresh",$5.05,8,10/2/2023,bgusneygq@addtoany.com,17,store-1234
"Crab - Dungeness, Whole",$1.54,98,2/9/2024,mcammomilegr@prlog.org,1,store-1234
"Lid - High Heat, Super Clear",$3.05,54,4/11/2024,hvoycegs@hp.com,67,store-1234
Cheese - Cheddar With Claret,$4.49,37,1/24/2024,garbergt@artisteer.com,94,store-1234
Stock - Fish,$6.59,39,2/18/2024,ehanigangu@yolasite.com,79,store-1234
Milk - Buttermilk,$9.08,13,5/13/2023,awindhamgv@gravatar.com,78,store-1234
Hipnotiq Liquor,$3.78,22,11/10/2023,mbreckengw@bravesites.com,13,store-1234
Bread Crumbs - Japanese Style,$5.55,38,11/9/2023,lmoulsdallgx@hexun.com,75,store-1234
Compound - Orange,$4.82,34,9/13/2023,jdearngy@bluehost.com,25,store-1234
"Yeast - Fresh, Fleischman",$6.11,36,8/15/2023,sfewingsgz@cbc.ca,96,store-1234
Cheese - Cottage Cheese,$4.79,35,12/31/2023,bnorfolkh0@ehow.com,23,store-1234
"Wine - Red, Antinori Santa",$3.04,35,8/11/2023,fsarfassh1@creativecommons.org,47,store-1234
Strawberries,$7.37,6,7/16/2023,fshurmanh2@unc.edu,56,store-1234
Huck White Towels,$7.77,24,1/14/2024,ddignumh3@berkeley.edu,65,store-1234
Veal - Provimi Inside,$3.77,14,3/22/2024,tgrasonh4@upenn.edu,64,store-1234
Bread - Multigrain,$7.87,88,12/17/2023,ehyderh5@ycombinator.com,13,store-1234
Kippers - Smoked,$7.35,19,11/12/2023,ismeallh6@cocolog-nifty.com,4,store-1234
Wine - Fino Tio Pepe Gonzalez,$2.63,77,10/28/2023,hsageh7@alexa.com,99,store-1234
Wine - Hardys Bankside Shiraz,$5.65,48,9/11/2023,acolberth8@google.com.au,60,store-1234
"Jam - Marmalade, Orange",$7.90,64,7/5/2023,lvanyutinh9@imdb.com,29,store-1234
Anisette - Mcguiness,$2.40,48,5/31/2023,okleinschmidtha@hubpages.com,37,store-1234
Browning Caramel Glace,$8.00,87,9/9/2023,schileshb@unblog.fr,47,store-1234
"Flour - Bran, Red",$8.62,41,7/14/2023,mjanissonhc@blogspot.com,65,store-1234
Cheese - Feta,$6.19,8,3/30/2024,emacilriachhd@digg.com,30,store-1234
Seaweed Green Sheets,$4.11,40,8/22/2023,nchurchleyhe@soup.io,28,store-1234
"Pepper - Chillies, Crushed",$0.44,31,3/15/2024,cetteridgehf@pcworld.com,34,store-1234
Wine - Beringer Founders Estate,$4.46,63,7/2/2023,rduigedhg@freewebs.com,62,store-1234
Cornish Hen,$9.33,28,11/10/2023,csteelhh@feedburner.com,67,store-1234
Cornish Hen,$8.67,70,3/20/2024,osambedgehi@addthis.com,7,store-1234
Ocean Spray - Kiwi Strawberry,$0.59,2,10/6/2023,kmottehj@indiatimes.com,99,store-1234
"Pepper - White, Whole",$3.03,7,10/19/2023,ebottenhk@canalblog.com,35,store-1234
Mousse - Banana Chocolate,$9.11,9,8/14/2023,vgianillihl@github.com,55,store-1234
Salad Dressing,$4.01,83,3/30/2024,dgateleyhm@seattletimes.com,14,store-1234
Crab Brie In Phyllo,$4.87,48,9/10/2023,ycounihanhn@shutterfly.com,11,store-1234
Lemon Grass,$9.08,15,4/28/2023,dstoeckho@dropbox.com,17,store-1234
Appetizer - Chicken Satay,$6.34,77,2/7/2024,esleightholmhp@odnoklassniki.ru,20,store-1234
Coffee - 10oz Cup 92961,$3.36,30,7/16/2023,bmowenhq@jigsy.com,47,store-1234
Muffin Mix - Morning Glory,$6.06,93,5/29/2023,nomannionhr@seattletimes.com,50,store-1234
Beer - Camerons Cream Ale,$3.18,17,12/20/2023,cmonellihs@answers.com,71,store-1234
"Ham - Smoked, Bone - In",$4.64,36,5/28/2023,gbamptonht@who.int,54,store-1234
Capers - Pickled,$9.72,47,12/18/2023,tmeyrickhu@networksolutions.com,81,store-1234
Lemon Grass,$4.93,13,6/1/2023,rcohenhv@elpais.com,46,store-1234
Baking Soda,$9.37,2,11/27/2023,amouranthw@github.io,67,store-1234
Cocoa Butter,$6.05,65,4/28/2023,rashburnehx@zdnet.com,95,store-1234
Tahini Paste,$7.85,67,6/7/2023,abuddellhy@histats.com,22,store-1234
Bread - Flat Bread,$7.30,43,2/24/2024,mcarphz@google.com.hk,90,store-1234
Chocolate Bar - Oh Henry,$6.31,80,4/28/2023,cblyi0@cam.ac.uk,44,store-1234
Ecolab - Balanced Fusion,$0.29,96,8/28/2023,mindgsi1@newyorker.com,89,store-1234
Trueblue - Blueberry,$0.24,82,8/29/2023,lpeali2@telegraph.co.uk,73,store-1234
"Chicken - Thigh, Bone In",$3.90,74,10/5/2023,fjedraszczyki3@bandcamp.com,22,store-1234
Sage Derby,$1.06,35,8/12/2023,zrosenblatti4@zimbio.com,42,store-1234
Wine - Sawmill Creek Autumn,$4.33,51,6/20/2023,ctesmondi5@spotify.com,97,store-1234
Pickles - Gherkins,$7.09,65,4/8/2024,mpreddlei6@about.com,74,store-1234
Sea Bass - Whole,$6.67,56,11/5/2023,ssuttyi7@canalblog.com,54,store-1234
Wine - Cave Springs Dry Riesling,$5.58,16,10/11/2023,ncadneyi8@i2i.jp,10,store-1234
Bread - White Mini Epi,$2.95,2,6/6/2023,rdransfieldi9@tinypic.com,20,store-1234
Cabbage - Green,$7.22,1,12/3/2023,tboateia@slideshare.net,64,store-1234
Wine - Zonnebloem Pinotage,$9.38,9,2/2/2024,ddenhamib@army.mil,14,store-1234
"Vermacelli - Sprinkles, Assorted",$6.07,59,1/16/2024,mangroveic@ucoz.ru,71,store-1234
Cardamon Seed / Pod,$0.81,4,6/8/2023,tmeconiid@spotify.com,77,store-1234
Quail - Jumbo,$6.61,37,9/5/2023,grablanie@alexa.com,91,store-1234
Cake - Dulce De Leche,$4.42,59,12/14/2023,vdrooganif@shop-pro.jp,9,store-1234
Bouillion - Fish,$8.19,81,5/14/2023,fheinertig@webmd.com,73,store-1234
"Yogurt - Peach, 175 Gr",$5.75,52,8/19/2023,mjozsaih@aol.com,71,store-1234
Butter Balls Salted,$7.42,19,11/15/2023,jrevanii@cnet.com,11,store-1234
"Juice - Grape, White",$0.24,84,8/10/2023,mmafhamij@dyndns.org,43,store-1234
"Pasta - Fusili, Dry",$4.41,61,8/12/2023,djanseyik@php.net,24,store-1234
Foam Espresso Cup Plain White,$0.37,36,12/7/2023,csivornil@washingtonpost.com,71,store-1234
Onions - Cooking,$8.35,77,2/20/2024,morbineim@ebay.co.uk,82,store-1234
"Nut - Hazelnut, Ground, Natural",$3.48,36,8/24/2023,ncordallin@comsenz.com,16,store-1234
"Placemat - Scallop, White",$0.03,97,12/9/2023,gpantridgeio@blogger.com,61,store-1234
"Seedlings - Mix, Organic",$1.13,67,9/4/2023,abreedyip@myspace.com,83,store-1234
"Tarragon - Primerba, Paste",$4.59,61,3/20/2024,chousoniq@pinterest.com,24,store-1234
Graham Cracker Mix,$9.06,77,2/10/2024,hivisonir@engadget.com,26,store-1234
Plasticknivesblack,$0.83,84,7/18/2023,eedardsis@about.com,50,store-1234
Cheese - Pied De Vents,$9.20,10,11/18/2023,etunsleyit@salon.com,70,store-1234
Heavy Duty Dust Pan,$8.96,96,10/11/2023,chellewelliu@yahoo.com,79,store-1234
Pepper Squash,$1.42,45,8/24/2023,rhurnelliv@mayoclinic.com,70,store-1234
Island Oasis - Ice Cream Mix,$8.69,18,3/22/2024,khultbergiw@paginegialle.it,80,store-1234
Plasticknivesblack,$0.77,97,4/5/2024,fchapelhowix@unc.edu,40,store-1234
Nori Sea Weed - Gold Label,$2.70,16,2/25/2024,rmckerlieiy@house.gov,79,store-1234
Muffin Mix - Blueberry,$8.17,57,3/5/2024,dcogdoniz@paginegialle.it,36,store-1234
"Sauce - Black Current, Dry Mix",$5.72,92,5/26/2023,dwickendenj0@ca.gov,39,store-1234
Coffee Cup 16oz Foam,$4.79,84,11/7/2023,pkamenaj1@ebay.co.uk,70,store-1234
"Pepper - Paprika, Hungarian",$4.14,59,4/11/2024,bbullj2@ucla.edu,4,store-1234
"Radish - Black, Winter, Organic",$0.16,9,6/28/2023,pgrindlej3@usgs.gov,54,store-1234
Lettuce - Escarole,$4.63,11,6/8/2023,shulmej4@mysql.com,38,store-1234
Limes,$3.19,98,1/17/2024,pantonikovj5@icq.com,37,store-1234
Chips - Potato Jalapeno,$3.05,1,9/3/2023,bsweetzerj6@lycos.com,77,store-1234
Lamb - Ground,$0.78,98,1/27/2024,shenkerj7@symantec.com,49,store-1234
Tea - Herbal - 6 Asst,$3.64,4,6/19/2023,arenfreej8@fotki.com,60,store-1234
Apron,$9.32,44,11/3/2023,svidgeonj9@hp.com,35,store-1234
Quail - Jumbo Boneless,$3.07,54,3/13/2024,gitzikja@blogs.com,65,store-1234
Oyster - In Shell,$8.11,9,8/29/2023,gcrickmorejb@squarespace.com,78,store-1234
Cornstarch,$7.43,40,9/2/2023,keldridjc@admin.ch,57,store-1234
Yogurt - Assorted Pack,$7.02,4,10/12/2023,kmacbainjd@whitehouse.gov,27,store-1234
Towel Multifold,$3.73,95,12/2/2023,bcockramje@nba.com,21,store-1234
"Shrimp - Baby, Warm Water",$9.23,49,1/27/2024,rkeamjf@opera.com,86,store-1234
Mace Ground,$5.17,96,5/12/2023,gthomkinsjg@imgur.com,70,store-1234
Muffins - Assorted,$0.63,18,12/25/2023,eungerjh@printfriendly.com,95,store-1234
Raisin - Golden,$3.77,100,12/14/2023,smundallji@twitter.com,66,store-1234
Versatainer Nc - 888,$5.10,84,5/20/2023,cpaulejj@dion.ne.jp,17,store-1234
Cheese - Cambozola,$9.79,63,7/16/2023,gbrannanjk@wufoo.com,66,store-1234
Juice - V8 Splash,$1.27,76,8/3/2023,smarplejl@tumblr.com,89,store-1234
"Tomatoes - Vine Ripe, Yellow",$4.76,81,12/29/2023,emckertonjm@hibu.com,56,store-1234
Butter - Pod,$6.24,18,4/30/2023,porknayjn@quantcast.com,67,store-1234
Longos - Grilled Chicken With,$9.24,62,8/20/2023,bdarnelljo@histats.com,71,store-1234
Flower - Commercial Spider,$3.29,30,3/19/2024,kvellajp@wikispaces.com,95,store-1234
Wine - Two Oceans Cabernet,$2.89,35,9/22/2023,lturneyjq@fastcompany.com,15,store-1234
Rabbit - Saddles,$2.51,38,2/20/2024,cglandonjr@wordpress.org,70,store-1234
Ginger - Fresh,$8.19,51,4/1/2024,erushmarejs@blogtalkradio.com,54,store-1234
"Artichoke - Hearts, Canned",$8.01,79,4/17/2023,llaybournejt@w3.org,49,store-1234
Graham Cracker Mix,$1.96,77,10/26/2023,msalzburgerju@chicagotribune.com,24,store-1234
"Lamb - Whole, Fresh",$0.39,3,1/18/2024,gfettisjv@amazonaws.com,40,store-1234
Coffee Guatemala Dark,$0.80,40,4/14/2023,vhawtreyjw@barnesandnoble.com,78,store-1234
The Pop Shoppe - Lime Rickey,$0.30,48,1/25/2024,atrekerjx@ted.com,90,store-1234
Chips - Assorted,$0.59,90,7/15/2023,sfishejy@oracle.com,37,store-1234
"Roe - Lump Fish, Red",$6.80,80,11/3/2023,gtogwelljz@bbc.co.uk,94,store-1234
Apple - Northern Spy,$7.95,97,12/6/2023,scornk0@chronoengine.com,56,store-1234
Lobak,$2.45,16,10/4/2023,jmeriottk1@amazon.com,20,store-1234
Glaze - Clear,$0.01,73,5/8/2023,fhedneyk2@sogou.com,47,store-1234
"Pasta - Rotini, Colour, Dry",$5.59,16,2/23/2024,wredfieldk3@hatena.ne.jp,31,store-1234
Canada Dry,$7.28,14,10/2/2023,rsouthamk4@va.gov,2,store-1234
Pastry - Key Limepoppy Seed Tea,$1.94,78,4/1/2024,dwolfingerk5@seattletimes.com,79,store-1234
Turnip - Wax,$2.29,51,8/27/2023,lbinghamk6@domainmarket.com,55,store-1234
Bread - Hot Dog Buns,$8.80,53,6/10/2023,jhughillk7@go.com,73,store-1234
"Yogurt - Blueberry, 175 Gr",$5.12,52,11/3/2023,bslimmingk8@cnet.com,96,store-1234
"Tart Shells - Sweet, 2",$8.32,41,3/19/2024,tdifrancescok9@irs.gov,17,store-1234
Tomatoes - Yellow Hot House,$6.29,84,7/3/2023,criepka@cmu.edu,35,store-1234
Tray - 16in Rnd Blk,$4.18,81,11/16/2023,nrochkb@gmpg.org,76,store-1234
Cup - Paper 10oz 92959,$0.11,38,10/11/2023,tgilcriestkc@princeton.edu,21,store-1234
Quinoa,$7.92,85,3/15/2024,szaczekkd@amazon.de,91,store-1234
"Tart Shells - Sweet, 4",$3.74,42,3/1/2024,hshoneke@bloomberg.com,3,store-1234
Curry Powder Madras,$5.42,64,12/8/2023,smottinikf@illinois.edu,35,store-1234
Hersey Shakes,$8.47,60,4/23/2023,osuffekg@gizmodo.com,47,store-1234
"Fish - Base, Bouillion",$9.17,82,11/17/2023,cmonnellykh@chicagotribune.com,94,store-1234
Coffee Cup 8oz 5338cd,$4.88,74,2/16/2024,ckeyselki@unc.edu,86,store-1234
Celery,$7.57,93,4/6/2024,sheffernankj@bigcartel.com,34,store-1234
"Veal - Inside Round / Top, Lean",$6.29,59,6/10/2023,eclappisonkk@shop-pro.jp,52,store-1234
Kellogs Cereal In A Cup,$9.71,48,8/24/2023,reselerkl@delicious.com,11,store-1234
Cookies - Fortune,$3.39,35,10/8/2023,ibesseykm@ucoz.com,2,store-1234
"Tortillas - Flour, 10",$1.52,84,12/15/2023,gmatteuccikn@google.fr,71,store-1234
Chocolate Liqueur - Godet White,$7.93,86,10/23/2023,nmeinekingko@technorati.com,16,store-1234
Ice Cream - Turtles Stick Bar,$8.48,46,4/27/2023,lweblinkp@friendfeed.com,56,store-1234
"Pasta - Lasagna Noodle, Frozen",$7.43,94,9/20/2023,yblasikq@rakuten.co.jp,22,store-1234
Longos - Chicken Wings,$9.98,44,3/11/2024,eswindellskr@patch.com,36,store-1234
Table Cloth 54x72 Colour,$1.06,96,11/22/2023,dpentelowks@tinypic.com,11,store-1234
"Beans - Turtle, Black, Dry",$3.95,71,9/7/2023,esimchenkokt@nba.com,93,store-1234
Gelatine Leaves - Bulk,$8.13,59,3/1/2024,bblackbornku@flickr.com,32,store-1234
Shrimp - Tiger 21/25,$4.60,46,2/6/2024,mrookv@hhs.gov,33,store-1234
Mix - Cocktail Ice Cream,$5.81,100,4/24/2023,dcresswellkw@theguardian.com,28,store-1234
"Bag - Bread, White, Plain",$4.83,49,12/10/2023,drosierkx@samsung.com,69,store-1234
Cape Capensis - Fillet,$5.01,5,3/16/2024,jscrauniageky@dmoz.org,4,store-1234
"Tarragon - Primerba, Paste",$1.07,61,2/1/2024,awarneskz@theguardian.com,64,store-1234
Bread - Raisin,$1.73,15,1/22/2024,mdoumercl0@cdc.gov,16,store-1234
Cafe Royale,$9.86,5,12/4/2023,bbaggarleyl1@delicious.com,58,store-1234
Coffee - 10oz Cup 92961,$8.77,8,2/20/2024,sjowettl2@guardian.co.uk,89,store-1234
Crackers - Graham,$8.10,19,5/7/2023,mboarderl3@eepurl.com,51,store-1234
Veal - Slab Bacon,$4.64,42,12/13/2023,cpenrittl4@umn.edu,45,store-1234
Pork - Side Ribs,$6.49,51,9/29/2023,jmaltmanl5@bloomberg.com,6,store-1234
Oregano - Fresh,$4.66,79,3/23/2024,mclashl6@studiopress.com,86,store-1234
Broom Handle,$9.04,4,9/3/2023,adesmondl7@nifty.com,3,store-1234
Frangelico,$9.19,21,12/27/2023,vdonil8@sun.com,42,store-1234
Cut Wakame - Hanawakaba,$8.81,65,2/14/2024,gpaulischl9@blogtalkradio.com,66,store-1234
Wheat - Soft Kernal Of Wheat,$3.64,64,3/9/2024,sjewsterla@census.gov,96,store-1234
"Cheese - Woolwich Goat, Log",$3.21,91,9/10/2023,sjapplb@sphinn.com,55,store-1234
Cookie - Dough Variety,$8.21,64,9/14/2023,locrevanlc@flickr.com,52,store-1234
Sobe - Cranberry Grapefruit,$5.14,4,4/20/2023,ahanld@theglobeandmail.com,54,store-1234
Artichoke - Fresh,$8.40,36,7/8/2023,krobertssonle@icq.com,85,store-1234
Steampan Lid,$2.60,1,12/3/2023,tmagnaylf@boston.com,77,store-1234
Glass - Juice Clear 5oz 55005,$5.68,6,3/20/2024,dbeddowlg@auda.org.au,45,store-1234
Beer - Sleemans Honey Brown,$0.45,50,7/18/2023,pdommerquelh@multiply.com,24,store-1234
Carbonated Water - Blackberry,$7.30,8,6/3/2023,rgrisewoodli@biblegateway.com,62,store-1234
Pail With Metal Handle 16l White,$8.35,78,4/29/2023,mjaynelj@google.pl,80,store-1234
Wine - Sake,$5.07,55,10/23/2023,lborgnollk@zimbio.com,23,store-1234
Cheese - Taleggio D.o.p.,$1.36,52,8/2/2023,jwisbyll@tinyurl.com,18,store-1234
Cheese Cheddar Processed,$8.47,15,10/6/2023,kdennisslm@wufoo.com,1,store-1234
Beans - Wax,$4.29,45,11/11/2023,etaconln@indiegogo.com,2,store-1234
Pork - Bones,$2.98,71,11/29/2023,nrowelo@odnoklassniki.ru,21,store-1234
"Napkin - Beverge, White 2 - Ply",$0.44,81,1/20/2024,rwollastonlp@github.com,38,store-1234
Rice - Basmati,$5.58,46,10/23/2023,dhayenlq@harvard.edu,16,store-1234
Onions - Red,$9.64,59,1/7/2024,ctideylr@cocolog-nifty.com,82,store-1234
Tea - English Breakfast,$1.12,72,7/25/2023,rweissls@samsung.com,52,store-1234
"Soup - Canadian Pea, Dry Mix",$5.37,38,11/24/2023,bknipelt@youku.com,45,store-1234
Mushroom - White Button,$2.64,75,12/6/2023,alodinlu@tamu.edu,70,store-1234
Pork - Smoked Kassler,$7.82,36,12/16/2023,chammertonlv@wufoo.com,61,store-1234
Basil - Seedlings Cookstown,$0.39,64,11/18/2023,kwikeylw@marketwatch.com,72,store-1234
Wine - Tio Pepe Sherry Fino,$1.72,23,7/20/2023,ssinyardlx@weibo.com,95,store-1234
"Gin - Gilbeys London, Dry",$8.23,24,7/20/2023,rsharplingly@sakura.ne.jp,59,store-1234
"Syrup - Monin, Amaretta",$6.00,94,9/23/2023,ldaymontlz@youku.com,72,store-1234
Bonito Flakes - Toku Katsuo,$2.14,61,2/22/2024,kkissm0@hatena.ne.jp,23,store-1234
Curry Powder Madras,$8.22,38,5/6/2023,adeguem1@prweb.com,65,store-1234
"Nut - Pistachio, Shelled",$9.06,19,3/24/2024,tchessonm2@wunderground.com,38,store-1234
Bag Clear 10 Lb,$0.59,71,2/17/2024,bedrichm3@who.int,78,store-1234
Pastry - Baked Scones - Mini,$7.67,45,8/12/2023,jmcluckym4@thetimes.co.uk,19,store-1234
Wine - Pinot Noir Pond Haddock,$8.42,3,10/10/2023,lsieghartm5@skyrock.com,27,store-1234
"Shrimp - Baby, Warm Water",$0.97,6,11/17/2023,ashilburnem6@netscape.com,73,store-1234
Wine - Two Oceans Sauvignon,$4.63,1,2/10/2024,fbemrosem7@yolasite.com,4,store-1234
Apples - Sliced / Wedge,$5.09,92,6/17/2023,tcousensm8@multiply.com,3,store-1234
"Red Snapper - Fillet, Skin On",$2.91,83,7/27/2023,jkaynem9@hud.gov,98,store-1234
Wine - Redchard Merritt,$7.38,13,7/7/2023,rciottoma@parallels.com,78,store-1234
"Pepsi, 355 Ml",$3.33,58,9/27/2023,cwrackmb@alibaba.com,73,store-1234
Pepper Squash,$6.19,25,11/12/2023,glexamc@dion.ne.jp,60,store-1234
Apple - Granny Smith,$8.26,24,8/29/2023,eearlemd@webnode.com,19,store-1234
Milk 2% 500 Ml,$2.66,78,4/28/2023,frumneyme@vimeo.com,92,store-1234
Tea - Honey Green Tea,$2.61,10,10/27/2023,rwiddowsmf@tripadvisor.com,45,store-1234
Cauliflower,$0.07,72,4/10/2024,gzorzuttimg@tinypic.com,38,store-1234
Anchovy Fillets,$7.42,65,1/9/2024,gnoormh@ucoz.ru,74,store-1234
Mushroom - King Eryingii,$6.40,73,8/30/2023,bwickmi@goodreads.com,11,store-1234
Puree - Kiwi,$9.26,72,5/27/2023,sokanemj@hp.com,45,store-1234
Honey - Liquid,$9.66,93,12/31/2023,ptrenholmmk@uiuc.edu,23,store-1234
Pastry - Trippleberry Muffin - Mini,$3.38,76,4/19/2023,mclausiusml@google.it,62,store-1234
Cookie - Oreo 100x2,$9.20,89,3/31/2024,gbelhommemm@amazonaws.com,3,store-1234
Sprouts Dikon,$2.86,84,5/14/2023,tchaslesmn@imageshack.us,43,store-1234
"Nut - Cashews, Whole, Raw",$6.91,41,11/25/2023,agadneymo@twitpic.com,94,store-1234
Vinegar - White Wine,$9.56,56,3/28/2024,mbreakspearmp@economist.com,81,store-1234
Muffin Hinge Container 6,$8.33,39,7/11/2023,lyaldrenmq@meetup.com,75,store-1234
Table Cloth 54x72 Colour,$8.38,41,9/18/2023,wmoodymr@de.vu,27,store-1234
Yucca,$7.40,39,7/16/2023,ohussyms@bluehost.com,3,store-1234
Butter Balls Salted,$3.97,32,7/7/2023,alidierthmt@quantcast.com,60,store-1234
"Shrimp - Baby, Cold Water",$4.78,48,5/24/2023,veynonmu@i2i.jp,98,store-1234
"Lid - Translucent, 3.5 And 6 Oz",$4.91,36,4/8/2024,lleightonmv@miibeian.gov.cn,55,store-1234
"Liners - Banana, Paper",$9.67,96,5/19/2023,jdukelowmw@de.vu,9,store-1234
Tequila - Sauza Silver,$4.62,16,4/8/2024,saschemx@cam.ac.uk,66,store-1234
"Oil - Food, Lacquer Spray",$0.98,62,12/31/2023,tgideonmy@tuttocitta.it,88,store-1234
"Jam - Marmalade, Orange",$3.84,93,5/8/2023,ocudbirdmz@1688.com,52,store-1234
Food Colouring - Orange,$2.48,20,4/25/2023,bbernettin0@squarespace.com,10,store-1234
"Cherries - Bing, Canned",$2.03,50,12/4/2023,rstuttn1@symantec.com,73,store-1234
"Pasta - Linguini, Dry",$0.06,29,8/18/2023,bbinnalln2@google.com.au,92,store-1234
Bagelers,$8.92,71,7/21/2023,bdavidovitsn3@netlog.com,48,store-1234
Tuna - Loin,$0.98,52,3/4/2024,panyonn4@arstechnica.com,77,store-1234
"Mushroom - Oyster, Fresh",$7.28,75,11/26/2023,ctreneern5@studiopress.com,20,store-1234
Ecolab - Hobart Washarm End Cap,$7.32,54,6/22/2023,dwaterlandn6@behance.net,72,store-1234
Beer - Original Organic Lager,$7.08,96,5/21/2023,lwhelbandn7@auda.org.au,44,store-1234
Soupcontfoam16oz 116con,$0.79,11,3/10/2024,ddalzieln8@elegantthemes.com,89,store-1234
Wine - Cotes Du Rhone Parallele,$9.91,73,10/5/2023,mnertneyn9@unblog.fr,37,store-1234
Icecream Bar - Del Monte,$7.47,18,2/2/2024,rjeffesna@amazon.de,2,store-1234
Flower - Commercial Spider,$7.53,4,1/18/2024,ccoombernb@altervista.org,58,store-1234
Ecolab Crystal Fusion,$1.92,84,2/1/2024,unultync@4shared.com,90,store-1234
"Potatoes - Instant, Mashed",$3.63,48,11/14/2023,ccrallannd@jalbum.net,90,store-1234
"Lamb - Pieces, Diced",$7.62,97,3/20/2024,gceeleyne@ebay.co.uk,42,store-1234
Squid - U 5,$1.68,46,7/9/2023,junderhillnf@nba.com,16,store-1234
Chicken Breast Halal,$2.27,53,11/10/2023,atellenbrookng@answers.com,5,store-1234
"Tomatoes - Vine Ripe, Yellow",$1.98,45,12/12/2023,jstapfordnh@discovery.com,49,store-1234
Edible Flower - Mixed,$4.85,8,6/12/2023,hnoteyoungni@goodreads.com,66,store-1234
Wine - Pinot Noir Latour,$4.40,31,3/5/2024,fchadneynj@odnoklassniki.ru,99,store-1234
"Wine - White, Gewurtzraminer",$9.36,12,6/30/2023,kcristounk@army.mil,24,store-1234
Pastry - Lemon Danish - Mini,$0.26,48,12/1/2023,mvannuchinl@auda.org.au,3,store-1234
Carbonated Water - White Grape,$3.42,53,9/18/2023,bgowlettnm@cloudflare.com,4,store-1234
Bread - Wheat Baguette,$9.75,59,9/27/2023,bsallingernn@constantcontact.com,42,store-1234
Cucumber - English,$3.13,21,8/2/2023,rhaversno@hostgator.com,89,store-1234
Pork - Inside,$4.35,5,12/26/2023,atappornp@apache.org,96,store-1234
Cleaner - Pine Sol,$1.72,100,12/23/2023,hpasfieldnq@ucsd.edu,55,store-1234
"Shrimp - Baby, Cold Water",$6.51,36,12/17/2023,dbodocsnr@wordpress.com,19,store-1234
Mahi Mahi,$5.20,66,1/30/2024,rendrighins@wordpress.com,46,store-1234
Extract - Lemon,$9.71,11,2/19/2024,bpedriellint@nbcnews.com,68,store-1234
"Pork - Back, Long Cut, Boneless",$6.75,82,2/8/2024,jtanslienu@google.fr,56,store-1234
Thyme - Dried,$0.33,19,10/12/2023,eheednv@bandcamp.com,98,store-1234
"Soup - Campbells, Spinach Crm",$5.96,74,10/28/2023,mmackeannw@google.ru,17,store-1234
Chicken - Leg / Back Attach,$1.18,16,10/3/2023,bstaileynx@edublogs.org,93,store-1234
Cup - Translucent 7 Oz Clear,$8.68,69,4/8/2024,craffanny@webeden.co.uk,95,store-1234
Cognac - Courvaisier,$1.23,1,4/27/2023,emarlenz@t-online.de,76,store-1234
Cheese - Parmigiano Reggiano,$6.84,20,8/18/2023,aterrazzoo0@i2i.jp,23,store-1234
"Veal - Inside, Choice",$1.44,30,7/2/2023,rsugaro1@jugem.jp,17,store-1234
Sugar - Invert,$5.47,10,11/6/2023,maspinallo2@stanford.edu,3,store-1234
"Wine - White, Cooking",$1.97,33,10/21/2023,ckeelino3@furl.net,14,store-1234
Veal - Knuckle,$0.85,22,1/2/2024,everilloo4@eventbrite.com,92,store-1234
Sauerkraut,$1.46,37,11/27/2023,qgartino5@tinyurl.com,65,store-1234
Chips - Assorted,$4.60,75,1/13/2024,saffusoo6@naver.com,22,store-1234
Pear - Prickly,$7.30,12,5/17/2023,playingo7@rediff.com,75,store-1234
Wine - Trimbach Pinot Blanc,$2.76,68,3/23/2024,dioano8@phoca.cz,90,store-1234
Cabbage - Savoy,$3.32,80,1/14/2024,smegarrello9@mtv.com,71,store-1234
"Tart Shells - Sweet, 3",$2.30,70,4/4/2024,fpallyoa@feedburner.com,93,store-1234
Scallops - 20/30,$4.26,90,12/6/2023,rainsleeob@homestead.com,37,store-1234
Crush - Cream Soda,$7.88,69,2/26/2024,bwillcoxoc@shinystat.com,82,store-1234
Vinegar - White Wine,$2.82,72,1/8/2024,ghinnerkod@wikimedia.org,98,store-1234
Silicone Parch. 16.3x24.3,$4.04,81,3/27/2024,prosewarneoe@google.de,72,store-1234
Salt - Seasoned,$9.26,53,7/16/2023,mhearonsof@yandex.ru,73,store-1234
"Wine - Magnotta, Merlot Sr Vqa",$3.75,57,6/21/2023,qgrishelyovog@wikipedia.org,75,store-1234
"Cup - 3.5oz, Foam",$8.89,60,11/3/2023,abriiginshawoh@pinterest.com,97,store-1234
Ice Cream Bar - Oreo Sandwich,$8.66,73,8/18/2023,nsmithamoi@whitehouse.gov,95,store-1234
Container - Clear 32 Oz,$5.20,68,3/3/2024,mjedrychowskioj@domainmarket.com,25,store-1234
Wine - Touraine Azay - Le - Rideau,$5.72,5,6/24/2023,dtakisok@ask.com,3,store-1234
Soup - French Can Pea,$3.95,5,9/21/2023,adeerol@sphinn.com,25,store-1234
Vacuum Bags 12x16,$1.72,39,12/5/2023,ekenlinom@weather.com,85,store-1234
Kiwano,$2.79,97,3/29/2024,aduplockon@reverbnation.com,92,store-1234
Garbage Bags - Black,$2.58,9,6/21/2023,kkarpmanoo@amazon.de,90,store-1234
Icecream Bar - Del Monte,$6.40,52,2/15/2024,pmacgownop@economist.com,37,store-1234
Beer - True North Lager,$6.23,87,6/26/2023,dmaunselloq@smh.com.au,11,store-1234
Pork - Bacon Cooked Slcd,$3.44,23,8/19/2023,cmccaigor@hugedomains.com,76,store-1234
Lobster - Tail 6 Oz,$3.10,80,1/28/2024,llinskillos@engadget.com,92,store-1234
"Tart Shells - Savory, 2",$6.48,69,8/8/2023,ssedgwickot@dedecms.com,4,store-1234
Dc - Sakura Fu,$4.95,98,7/11/2023,ebernathou@tiny.cc,80,store-1234
Spring Roll Wrappers,$6.99,74,3/28/2024,mnieselov@blogspot.com,40,store-1234
Wine - Rosso Del Veronese Igt,$2.30,93,10/16/2023,hovitzow@yolasite.com,42,store-1234
Quinoa,$4.42,55,12/21/2023,rbampfordox@over-blog.com,1,store-1234
"Basil - Dry, Rubbed",$5.48,39,11/1/2023,tslaffordoy@google.ru,9,store-1234
Beans - Fine,$6.55,87,11/12/2023,lsommervilleoz@ehow.com,4,store-1234
Cape Capensis - Fillet,$1.15,2,10/18/2023,dgarleyp0@sakura.ne.jp,96,store-1234
"Mustard - Dry, Powder",$3.30,27,10/18/2023,idraysonp1@github.com,11,store-1234
Noodles - Steamed Chow Mein,$5.95,35,3/10/2024,csabathierp2@home.pl,81,store-1234
"Soda Water - Club Soda, 355 Ml",$4.05,74,9/8/2023,pfessbyp3@jalbum.net,18,store-1234
Bag - Regular Kraft 20 Lb,$9.11,91,9/4/2023,jlamyp4@plala.or.jp,84,store-1234
Wine - Sauvignon Blanc,$2.40,52,2/11/2024,bgiffp5@delicious.com,33,store-1234
Amarula Cream,$3.47,87,4/25/2023,fkiddiep6@sitemeter.com,96,store-1234
Garlic,$9.98,76,1/24/2024,jfroschp7@hibu.com,66,store-1234
Tomatoes - Roma,$9.19,76,11/3/2023,srichichip8@bandcamp.com,72,store-1234
"Fish - Soup Base, Bouillon",$9.39,41,3/10/2024,drandellp9@zimbio.com,27,store-1234
Ginger - Fresh,$0.37,45,1/12/2024,ktrumblepa@about.me,16,store-1234
Aspic - Light,$5.40,56,11/27/2023,awaggepb@bloomberg.com,68,store-1234
"Soup - Knorr, Country Bean",$2.59,41,8/20/2023,tchasemorepc@spiegel.de,3,store-1234
Wine - Pinot Grigio Collavini,$4.08,46,1/18/2024,idaverspd@yahoo.co.jp,71,store-1234
Nantuket Peach Orange,$1.40,87,2/28/2024,agattype@delicious.com,38,store-1234
"Veal - Round, Eye Of",$1.71,60,8/21/2023,jlibbepf@opensource.org,27,store-1234
Wine - Domaine Boyar Royal,$0.15,64,12/6/2023,wduchennepg@tripod.com,32,store-1234
Spice - Greek 1 Step,$8.11,94,3/12/2024,gzamoraph@quantcast.com,73,store-1234
"Wine - White, Riesling, Henry Of",$9.82,94,8/31/2023,wcancellorpi@dion.ne.jp,71,store-1234
Flower - Commercial Bronze,$7.73,81,8/30/2023,gtestpj@shinystat.com,72,store-1234
Pork - Smoked Kassler,$7.77,49,7/30/2023,hmorleypk@examiner.com,34,store-1234
Raisin - Dark,$9.91,91,7/17/2023,bchasneypl@phoca.cz,23,store-1234
Nantuket Peach Orange,$8.48,53,5/2/2023,tlathampm@topsy.com,95,store-1234
"Salt - Rock, Course",$2.02,49,12/14/2023,hpaddingdonpn@drupal.org,11,store-1234
Cardamon Ground,$5.07,24,8/15/2023,jposenpo@japanpost.jp,42,store-1234
Raisin - Golden,$2.51,93,11/15/2023,clanferepp@github.io,28,store-1234
Lettuce - Green Leaf,$8.14,1,12/26/2023,mbowyerpq@people.com.cn,19,store-1234
"Juice - Orange, Concentrate",$9.81,17,4/2/2024,opearcypr@dot.gov,9,store-1234
Dc - Sakura Fu,$3.74,26,3/28/2024,dpericops@adobe.com,70,store-1234
Cloves - Whole,$6.93,38,4/4/2024,gthewpt@marriott.com,79,store-1234
Neckerchief Blck,$5.00,93,11/25/2023,kreidepu@gizmodo.com,99,store-1234
Bread - Focaccia Quarter,$8.73,18,11/29/2023,lleynhampv@1688.com,40,store-1234
Truffle Cups Green,$2.25,69,8/16/2023,nrytonpw@myspace.com,94,store-1234
Smoked Tongue,$9.52,39,2/4/2024,nfernleypx@symantec.com,44,store-1234
"Lobster - Tail, 3 - 4 Oz",$9.28,25,12/17/2023,cmccarverpy@house.gov,12,store-1234
Mousse - Mango,$0.21,75,5/23/2023,tsealpz@twitpic.com,3,store-1234
Kiwi,$2.06,26,3/1/2024,cbeamsq0@mtv.com,40,store-1234
Oil - Pumpkinseed,$7.07,10,9/4/2023,bpallatinaq1@desdev.cn,7,store-1234
White Baguette,$9.40,2,3/14/2024,agrzegoreckiq2@hubpages.com,65,store-1234
Sping Loaded Cup Dispenser,$4.89,35,3/7/2024,sandriesseq3@google.com.br,14,store-1234
Wine - Fat Bastard Merlot,$4.43,57,11/20/2023,jheinleq4@angelfire.com,68,store-1234
Spaghetti Squash,$8.26,22,12/30/2023,lstokeq5@amazon.co.uk,97,store-1234
Shrimp - 100 / 200 Cold Water,$7.75,35,9/25/2023,spandyaq6@360.cn,83,store-1234
"Cookies - Oreo, 4 Pack",$3.92,16,7/24/2023,calberyq7@ifeng.com,98,store-1234
Glass Clear 8 Oz,$0.47,67,2/16/2024,lsealq8@elegantthemes.com,79,store-1234
Veal - Ground,$6.21,68,8/30/2023,ldankersleyq9@google.pl,14,store-1234
Pasta - Angel Hair,$3.27,54,12/1/2023,satthowqa@goodreads.com,44,store-1234
Wiberg Super Cure,$6.53,54,1/28/2024,tkubanqb@ihg.com,37,store-1234
Grapes - Black,$7.76,89,9/20/2023,hfenneqc@hp.com,58,store-1234
Cookies - Englishbay Wht,$9.38,99,3/4/2024,eallittqd@bizjournals.com,37,store-1234
Cheese - Cheddar With Claret,$4.79,15,12/30/2023,dsimonardqe@craigslist.org,17,store-1234
Sesame Seed Black,$9.56,15,8/31/2023,dbonhommeqf@intel.com,37,store-1234
"Salmon - Atlantic, Skin On",$0.60,85,4/26/2023,ajordonqg@reference.com,85,store-1234
Artichoke - Fresh,$6.94,91,1/7/2024,shaslenqh@deviantart.com,32,store-1234
Duck - Breast,$2.90,89,4/1/2024,lstearnsqi@csmonitor.com,66,store-1234
Nantucket - Orange Mango Cktl,$6.15,96,6/2/2023,jhaldenbyqj@noaa.gov,85,store-1234
Calypso - Pineapple Passion,$0.36,41,10/29/2023,echangqk@google.com.hk,65,store-1234
Honey - Liquid,$8.87,5,9/3/2023,vsymingtonql@gizmodo.com,27,store-1234
Bread - Olive,$1.43,52,9/26/2023,fbushelqm@dmoz.org,22,store-1234
Pork Loin Cutlets,$6.57,79,2/10/2024,dreynardqn@issuu.com,76,store-1234
"Stock - Veal, Brown",$3.97,2,7/1/2023,agonnetqo@istockphoto.com,29,store-1234
Guava,$4.96,2,9/4/2023,hburkhillqp@epa.gov,41,store-1234
"Soup - French Onion, Dry",$4.06,80,5/31/2023,mtroutbeckqq@de.vu,53,store-1234
Raisin - Golden,$2.57,54,8/16/2023,cmcjarrowqr@ihg.com,33,store-1234
Tomatoes - Heirloom,$0.27,15,8/10/2023,cveallqs@msu.edu,93,store-1234
Sobe - Tropical Energy,$0.46,8,1/19/2024,mkaszperqt@npr.org,96,store-1234
Apple - Royal Gala,$1.44,79,3/30/2024,slaughrenqu@eepurl.com,28,store-1234
Extract - Almond,$7.73,6,1/30/2024,hlauritsenqv@networkadvertising.org,34,store-1234
Pears - Fiorelle,$1.61,9,2/4/2024,lschaumakerqw@eepurl.com,5,store-1234
Nut - Pumpkin Seeds,$6.23,19,5/20/2023,ejoratqx@redcross.org,52,store-1234
Wine - Baron De Rothschild,$2.92,1,11/11/2023,awhitsunqy@newsvine.com,97,store-1234
Pickles - Gherkins,$6.22,51,1/15/2024,climeburnerqz@bloomberg.com,8,store-1234
"Nut - Almond, Blanched, Ground",$6.59,78,2/4/2024,tknattr0@dailymail.co.uk,53,store-1234
Sprouts - Brussel,$0.83,94,8/16/2023,cvarrenr1@squarespace.com,72,store-1234
"Bag - Bread, White, Plain",$6.30,84,10/21/2023,mbelvardr2@ucoz.com,55,store-1234
Scallop - St. Jaques,$4.29,96,3/10/2024,cblazekr3@spiegel.de,27,store-1234
Tobasco Sauce,$6.62,49,12/28/2023,nwyer4@friendfeed.com,39,store-1234
Dooleys Toffee,$4.27,28,4/12/2024,sdorkensr5@1und1.de,43,store-1234
Muffin - Mix - Bran And Maple 15l,$2.32,76,3/20/2024,ddoylyr6@dagondesign.com,90,store-1234
Cookies Almond Hazelnut,$6.89,89,2/14/2024,astukingsr7@home.pl,56,store-1234
Cheese - Cream Cheese,$9.85,97,12/24/2023,cganleyr8@accuweather.com,29,store-1234
Chicken - Whole Fryers,$5.38,8,5/19/2023,gdomerquer9@mayoclinic.com,25,store-1234
Sauce - Rosee,$3.91,66,5/24/2023,kwornhamra@pagesperso-orange.fr,11,store-1234
Dehydrated Kelp Kombo,$2.80,16,1/4/2024,mtomasrb@zimbio.com,87,store-1234
Pear - Asian,$6.15,77,6/6/2023,ecolesrc@rediff.com,21,store-1234
Wine - Chardonnay Mondavi,$8.84,99,3/9/2024,hkenwellrd@lycos.com,10,store-1234
Pastry - Lemon Danish - Mini,$0.69,21,11/5/2023,ugowthropre@live.com,32,store-1234
Foam Cup 6 Oz,$4.62,98,2/8/2024,cspendloverf@ehow.com,35,store-1234
Godiva White Chocolate,$3.38,23,6/12/2023,esertinrg@pcworld.com,53,store-1234
Pastry - Choclate Baked,$5.82,73,8/30/2023,wspowardrh@jalbum.net,69,store-1234
Salami - Genova,$8.45,14,2/4/2024,pcleverlyri@google.de,30,store-1234
Longos - Chicken Curried,$6.82,54,4/30/2023,gllewellenrj@chicagotribune.com,60,store-1234
Energy Drink - Redbull 355ml,$3.39,80,3/19/2024,cdoxeyrk@usnews.com,97,store-1234
Soup - French Onion,$3.76,30,12/9/2023,pgosforthrl@multiply.com,52,store-1234
Puff Pastry - Slab,$3.65,10,9/12/2023,esackesrm@feedburner.com,7,store-1234
Towel Dispenser,$4.47,35,1/23/2024,mjellymanrn@last.fm,27,store-1234
Longos - Grilled Salmon With Bbq,$3.74,43,8/2/2023,abarfordro@skyrock.com,52,store-1234
Table Cloth 54x54 White,$5.89,88,10/31/2023,kpuddinrp@techcrunch.com,6,store-1234
Beef - Shank,$3.61,48,5/25/2023,teuplaterq@princeton.edu,61,store-1234
Lid - 3oz Med Rec,$0.83,40,2/15/2024,amasdenrr@elpais.com,44,store-1234
